# project	commit	file	sha256
ufsd	0f1cc3a129c7	build/LIBUFTST.iebcopy	aaf0ca890c897f4019732450c3b0c587a78900ddb3d24a53603cdaba08d13db6
ufsd	0f1cc3a129c7	build/TSTUFSAV.iebcopy	744860ff8fc9ede496c56b64c9626171139b73b0bde06ee590ecef99beae7919
ufsd	0f1cc3a129c7	build/TSTUFSG.iebcopy	c9814194287e5a5d7ccdbddd11d8294cdc27257a6d9deaad66bc9021664c4519
ufsd	0f1cc3a129c7	build/TSTUFSMP.iebcopy	55e052321d661c010010aa59b12097d971911d1e776e6ee48e2e9660f8100078
ufsd	0f1cc3a129c7	build/TSTUFSRC.iebcopy	97ab635719c1a71a2c1beed1689736aef80cddfc1df94b80b9066dcce3ac15af
ufsd	0f1cc3a129c7	build/UFSD.iebcopy	a775d607462aa2c761d062e53392e248b4b1d4686311517dbe9a824b327e28fc
ufsd	0f1cc3a129c7	build/UFSDCLNP.iebcopy	4d1969a6413c2bc520587daae545c4155aa18f7823f63218186faf749e6c8bcf
ufsd	0f1cc3a129c7	build/UFSDSSIR.iebcopy	6fd416c67a01b4279aa4ccccfe87275b35bec917aedde1fb22607bbdc4f82540
ufsd	0f1cc3a129c7	build/UFSFMT.iebcopy	c9c9639310eacd016eaffab6f9da8b76e8b225409e037bb5e2bbe3b329118a22
ufsd	0f1cc3a129c7	build/dist-stage/ufsd-1.4.0-dev-alloc.jcl	4dcb1accfa8ed7d8372a94501f851930087fb9508b8257b5c0b209d22b93c260
ufsd	0f1cc3a129c7	build/dist-stage/ufsd-1.4.0-dev-inst.jcl	b376741659a662d00c1c303dd893052f73df1fc32bb1a1b18cb933506d7c932b
ufsd	0f1cc3a129c7	build/dist-stage/ufsd-1.4.0-dev-samplib.xmit	39eef294635eaf9e0fad16742453314eed1cef67609490062f837300f383716f
ufsd	0f1cc3a129c7	build/libufs.a	ccf38ac93d9ae85b07362aed1051a10e2a53662f22f3466c4aeb51948b0c9f0a
ufsd	0f1cc3a129c7	build/libufs.o	4345539377ba7b9db5dfc5ce4b9e492ee57c2e7cca68aca13e8acdb8ba4fe216
ufsd	0f1cc3a129c7	build/libufstst.o	e19331ed8ce3af561e19df58bebf0b8266af883e58386f7beeb62e081f25c81d
ufsd	0f1cc3a129c7	build/tstufsav.o	ec06a6afe71510f274df396b6ee430dfc21742cb0e4c87e2b618b75d9c5b6cbe
ufsd	0f1cc3a129c7	build/tstufsg.o	ca77a01bfe285b6625d92a50ac52fd970846edac9d1e53b4370dea260b07a937
ufsd	0f1cc3a129c7	build/tstufsmp.o	534ae91e4da38a1feb058cdad7973cfec3115a00f4b53a4c80281f7f2c2f82fd
ufsd	0f1cc3a129c7	build/tstufsrc.o	a7d6d62eaca5ee6e436d08ec9d10cc3767763eea9bf148cff5c3e55fa65a7ee6
ufsd	0f1cc3a129c7	build/ufsd#asv.o	3e980d06e29f4212efb2b5b1d1b11d7f7a258ac8494a01243c216e9f9ee066e9
ufsd	0f1cc3a129c7	build/ufsd#blk.o	4f5276c4580d80c8ddef15237c28724063f3529ce9ad518ac1ccbd32bee1f806
ufsd	0f1cc3a129c7	build/ufsd#buf.o	93fa100054e7b074c1cf4ab7a420da27fe4bd6339929ddc9dadc42bb0e069aaa
ufsd	0f1cc3a129c7	build/ufsd#cfg.o	95f99ce68b0959ec3168efaf720d3b42ad1e4763a5313dc90ce1735256713f82
ufsd	0f1cc3a129c7	build/ufsd#cmd.o	ec9fd62cd3626c884ccf8c25cdb9d7e6c3ed94b3ff882da193e1a7bb039dda1a
ufsd	0f1cc3a129c7	build/ufsd#csa.o	092ada42e2d8f95584252f89088ad4d4fc26831acb16f44655e5ca01fed72774
ufsd	0f1cc3a129c7	build/ufsd#dir.o	ca64fa6502717e78e507c48aa14ba98d955cf31e3cf1a43b07b78af0f46a1fa8
ufsd	0f1cc3a129c7	build/ufsd#fil.o	3df64bfeb47b6d12333cadce943112a52b0ff1bd2d4e43e99e80ec917d8e39d9
ufsd	0f1cc3a129c7	build/ufsd#gft.o	f0a13d5d29acf3b0ca24e1c7ebabdfd69165b09a57410ba5af7ed3f390dadf6c
ufsd	0f1cc3a129c7	build/ufsd#ini.o	89f37d389a920640d545dd0b9a6cdb29207ccedaf2f1b726b54379b42c4cafa8
ufsd	0f1cc3a129c7	build/ufsd#ino.o	6652444c1870ca42dd20103574e7b00b8c0e6de0cb76cf28ad2d0870290a81b2
ufsd	0f1cc3a129c7	build/ufsd#mnt.o	f705fe791c79cee744b34938830bbb6b410bc1e462445c2dab0bd9d2b4e42bc7
ufsd	0f1cc3a129c7	build/ufsd#que.o	56a0bbb61f1f995ccf14179c0b42b053f6db7fbcebd240ffb617bde3d4191e9b
ufsd	0f1cc3a129c7	build/ufsd#rcl.o	45d5cd22b6e06671a5d92f215bca48ed0869388036fca82c381e3a4819c00d5b
ufsd	0f1cc3a129c7	build/ufsd#sbl.o	d55b21079e37d9dc631b55ec2f1197b62985b5893e840398aa3c4c4668fc852b
ufsd	0f1cc3a129c7	build/ufsd#sct.o	dcea7ba3ff1ecd03cfc2d5f7b7eaa213b1909f437885861be45810c1f4278eab
ufsd	0f1cc3a129c7	build/ufsd#ses.o	dd474d98c1bf74b8bb0516d0f8f815e73848c71a49f91c28de7a999187bb8864
ufsd	0f1cc3a129c7	build/ufsd#ssi.o	f63ffcc0b2466c724a0a21ec8fb6911542ee0a3318ecad8659c8227f2945b191
ufsd	0f1cc3a129c7	build/ufsd#trc.o	2110abbe533fa4257548d4ce3fabe4d06a8e9ca4596662b35d8e7ae811013cde
ufsd	0f1cc3a129c7	build/ufsd.o	7ba9807c3ca7d4b89d31d79d821b70c731d22600a288f0ee5ef276dcc0fa10ec
ufsd	0f1cc3a129c7	build/ufsdclnp.o	eaa24ef88fec4b711260305b07527643dfce68f1982297418de2fddcd317fa25
ufsd	0f1cc3a129c7	build/ufsfmt.o	cd67abb51f09a7df4ccfa53ba965537573b2a1ed5558d8922c50c21bca0b989f
ufsd	0f1cc3a129c7	build/ufsfmtg.o	fd238f42b239330454e2594621767e2ce70ac7c5a6bd926bdbda41bb59941a8a
ufsd	0f1cc3a129c7	dist/ufsd-1.4.0-dev-load.xmit	55dc67747a044bdd91d533f7fb670cef1727d79f5ddedb5d390d63e105acb9ef
ufsd	0f1cc3a129c7	dist/ufsd-1.4.0-dev-dist.tar.gz!ufsd-1.4.0-dev/README.md	581783245ec9e368909428b28b3184205bfe8a4e68f9f5aa7cb920d4a47f1ac6
ufsd	0f1cc3a129c7	dist/ufsd-1.4.0-dev-dist.tar.gz!ufsd-1.4.0-dev/ufsd-1.4.0-dev-alloc.jcl	4dcb1accfa8ed7d8372a94501f851930087fb9508b8257b5c0b209d22b93c260
ufsd	0f1cc3a129c7	dist/ufsd-1.4.0-dev-dist.tar.gz!ufsd-1.4.0-dev/ufsd-1.4.0-dev-inst.jcl	b376741659a662d00c1c303dd893052f73df1fc32bb1a1b18cb933506d7c932b
ufsd	0f1cc3a129c7	dist/ufsd-1.4.0-dev-dist.tar.gz!ufsd-1.4.0-dev/ufsd-1.4.0-dev-load.xmit	55dc67747a044bdd91d533f7fb670cef1727d79f5ddedb5d390d63e105acb9ef
ufsd	0f1cc3a129c7	dist/ufsd-1.4.0-dev-dist.tar.gz!ufsd-1.4.0-dev/ufsd-1.4.0-dev-samplib.xmit	39eef294635eaf9e0fad16742453314eed1cef67609490062f837300f383716f
ufsd	0f1cc3a129c7	dist/ufsd-1.4.0-dev-dist.zip!ufsd-1.4.0-dev/README.md	581783245ec9e368909428b28b3184205bfe8a4e68f9f5aa7cb920d4a47f1ac6
ufsd	0f1cc3a129c7	dist/ufsd-1.4.0-dev-dist.zip!ufsd-1.4.0-dev/ufsd-1.4.0-dev-alloc.jcl	4dcb1accfa8ed7d8372a94501f851930087fb9508b8257b5c0b209d22b93c260
ufsd	0f1cc3a129c7	dist/ufsd-1.4.0-dev-dist.zip!ufsd-1.4.0-dev/ufsd-1.4.0-dev-inst.jcl	b376741659a662d00c1c303dd893052f73df1fc32bb1a1b18cb933506d7c932b
ufsd	0f1cc3a129c7	dist/ufsd-1.4.0-dev-dist.zip!ufsd-1.4.0-dev/ufsd-1.4.0-dev-load.xmit	55dc67747a044bdd91d533f7fb670cef1727d79f5ddedb5d390d63e105acb9ef
ufsd	0f1cc3a129c7	dist/ufsd-1.4.0-dev-dist.zip!ufsd-1.4.0-dev/ufsd-1.4.0-dev-samplib.xmit	39eef294635eaf9e0fad16742453314eed1cef67609490062f837300f383716f
ufsd	0f1cc3a129c7	dist/ufsd-1.4.0-dev-lib.tar.gz!ufsd-1.4.0-dev/include/libufs.h	4eb0e02f668bba773fdebf643b30e23c2e3d4f87feec95c071708c55d13fd12c
ufsd	0f1cc3a129c7	dist/ufsd-1.4.0-dev-lib.tar.gz!ufsd-1.4.0-dev/include/ufsdrc.h	572a08f18c79b1601008a22940758db066173a706144769e7ddccf09035723c7
ufsd	0f1cc3a129c7	dist/ufsd-1.4.0-dev-lib.tar.gz!ufsd-1.4.0-dev/lib/libufs.a	ccf38ac93d9ae85b07362aed1051a10e2a53662f22f3466c4aeb51948b0c9f0a
ftpd	8674c7004c49	build/FTPD.iebcopy	2fdd0d3aa036665da733c2cb68426ff84ec725891363bef69dd520baf39b1dc5
ftpd	8674c7004c49	build/TSTADR.iebcopy	47760489e64389c4885bbacc8d8f8aec02ce76d83531261c777b2e179a99e912
ftpd	8674c7004c49	build/TSTDSN.iebcopy	c815000794bba4c72d897a82ba87fd4d1aba50468e4c8f7e790acbd0a4849fc8
ftpd	8674c7004c49	build/TSTPRM.iebcopy	7521c6663d13a9f67515a4e05d3a23411cdfd0de814a26c343432ccfc96603a9
ftpd	8674c7004c49	build/dist-stage/ftpd-1.2.0-dev-alloc.jcl	7081284273c2895a7678864083d40272e38ad76bbbac0d9a2e01e8e526434f06
ftpd	8674c7004c49	build/dist-stage/ftpd-1.2.0-dev-inst.jcl	a3fba0a18825177e30798aafb8bdbd4dad0938a1c62dbee31be2307d7d8889b4
ftpd	8674c7004c49	build/dist-stage/ftpd-1.2.0-dev-samplib.xmit	9f22f75b5303dbea6858ff07d435617db6be023f72781a6c9799926147625a77
ftpd	8674c7004c49	build/ftpd#adr.o	13e40c174787265942144d5ef52644a78e688eea9e03dca64b7e51545e4f492e
ftpd	8674c7004c49	build/ftpd#aut.o	134d64abccd96556fc047bbb1a22217dc3abb78c29adc3ed087666fabab50bb4
ftpd	8674c7004c49	build/ftpd#cfg.o	0e9440f1d2c9c996c3f7c81ba11a499329b0d4ccf73ffe740d99f2360307379f
ftpd	8674c7004c49	build/ftpd#cmd.o	6dd00149b72e8dcc672b84ce4504449a381c194f7f6aed84a08f5fcc4a7b9522
ftpd	8674c7004c49	build/ftpd#con.o	60a4611091de847640370f1e0934fd8bcb8653499990430b16d402e54428ffd4
ftpd	8674c7004c49	build/ftpd#dat.o	02a1cc90976b784c02c8b9491e42c82025a748e90f65f1e9f09f2bf332674a49
ftpd	8674c7004c49	build/ftpd#dsn.o	ed3f2a36b2eb7c95b6c598c0e42af33e67be93c139c657070746e03e3db5369e
ftpd	8674c7004c49	build/ftpd#jes.o	ede2ce2c1565e101d5e8d007af85e0c613d84644afcf22f7427c0e62235bc94e
ftpd	8674c7004c49	build/ftpd#log.o	a602739d86eb36ba8d6e93dd7b350b3dccfb9def56e16d15cd58488a89049d7c
ftpd	8674c7004c49	build/ftpd#mvs.o	e3dad1d274ed3916f78f62adc4928d704bdbed2a9a06d234ac0c876be9062bff
ftpd	8674c7004c49	build/ftpd#ses.o	1f216ba9ec0fb86e1026a395ca8e8af772935e1b617c2f7dd3136adcc1f6ba9f
ftpd	8674c7004c49	build/ftpd#sit.o	2bf45bce972789c28d458a14536e63ca6e13a1ad667aea070bbb5b1971140a32
ftpd	8674c7004c49	build/ftpd#ufs.o	95e7e94396ea0de0c8b61738eb91907894053ff1772e8790ab3cdd133823f11a
ftpd	8674c7004c49	build/ftpd#xlt.o	63f46e11152100e1198417386981f60a621505e6918de4c40f51b5e42f156d62
ftpd	8674c7004c49	build/ftpd.o	fd9c23d071d30d185c98da2d9954c1153d001e876722a885804cdf0c97a291d8
ftpd	8674c7004c49	build/tstadr.o	05f15a0dd0e1be40765efceca953a01698a3e7b2586db51ed066bb8c94e72853
ftpd	8674c7004c49	build/tstdsn.o	accf5b1c37b7a206d16c360faee097fab8c8ac3ae7ff5513ec42fc05cd3cb33b
ftpd	8674c7004c49	build/tstprm.o	c419fbaba28ba9a1a1efac8c421051e80230e263d3ce0f75ba05fb1a9a0679ed
ftpd	8674c7004c49	dist/ftpd-1.2.0-dev-load.xmit	d2a5c5b93d6b535c6e2676532855bf45fa728f6f3bde16642086c996966f162d
ftpd	8674c7004c49	dist/ftpd-1.2.0-dev-dist.tar.gz!ftpd-1.2.0-dev/README.md	4e6b4aa656cdfc88e2cace5300d6319b2420ba4c0b3edaf78119d253ec763759
ftpd	8674c7004c49	dist/ftpd-1.2.0-dev-dist.tar.gz!ftpd-1.2.0-dev/ftpd-1.2.0-dev-alloc.jcl	7081284273c2895a7678864083d40272e38ad76bbbac0d9a2e01e8e526434f06
ftpd	8674c7004c49	dist/ftpd-1.2.0-dev-dist.tar.gz!ftpd-1.2.0-dev/ftpd-1.2.0-dev-inst.jcl	a3fba0a18825177e30798aafb8bdbd4dad0938a1c62dbee31be2307d7d8889b4
ftpd	8674c7004c49	dist/ftpd-1.2.0-dev-dist.tar.gz!ftpd-1.2.0-dev/ftpd-1.2.0-dev-load.xmit	d2a5c5b93d6b535c6e2676532855bf45fa728f6f3bde16642086c996966f162d
ftpd	8674c7004c49	dist/ftpd-1.2.0-dev-dist.tar.gz!ftpd-1.2.0-dev/ftpd-1.2.0-dev-samplib.xmit	9f22f75b5303dbea6858ff07d435617db6be023f72781a6c9799926147625a77
ftpd	8674c7004c49	dist/ftpd-1.2.0-dev-dist.zip!ftpd-1.2.0-dev/README.md	4e6b4aa656cdfc88e2cace5300d6319b2420ba4c0b3edaf78119d253ec763759
ftpd	8674c7004c49	dist/ftpd-1.2.0-dev-dist.zip!ftpd-1.2.0-dev/ftpd-1.2.0-dev-alloc.jcl	7081284273c2895a7678864083d40272e38ad76bbbac0d9a2e01e8e526434f06
ftpd	8674c7004c49	dist/ftpd-1.2.0-dev-dist.zip!ftpd-1.2.0-dev/ftpd-1.2.0-dev-inst.jcl	a3fba0a18825177e30798aafb8bdbd4dad0938a1c62dbee31be2307d7d8889b4
ftpd	8674c7004c49	dist/ftpd-1.2.0-dev-dist.zip!ftpd-1.2.0-dev/ftpd-1.2.0-dev-load.xmit	d2a5c5b93d6b535c6e2676532855bf45fa728f6f3bde16642086c996966f162d
ftpd	8674c7004c49	dist/ftpd-1.2.0-dev-dist.zip!ftpd-1.2.0-dev/ftpd-1.2.0-dev-samplib.xmit	9f22f75b5303dbea6858ff07d435617db6be023f72781a6c9799926147625a77
httpd	e26b9ee527f0	build/ABEND0C1.iebcopy	2a8549b16edec48f17f9d8d9ddf0aa6b1f14b0d6a9de49bf65ff293127172f95
httpd	e26b9ee527f0	build/HTTPD.iebcopy	63ce85c1641742ec7f458ac3a4e4466b93cc35d25e3d27009f8ca3b4ecd25f6c
httpd	e26b9ee527f0	build/HTTPDM.iebcopy	4702b8bd0314616eb3a050f3bfba885c1824fd1d8520341a0c250adc9cf53356
httpd	e26b9ee527f0	build/HTTPDMTT.iebcopy	1c07585bd31844de89b24c4a03e6264e0fd89fa8c5e8ff2abe1c2e6371d06bf6
httpd	e26b9ee527f0	build/HTTPDSRV.iebcopy	5f330af9bd1b954740c71306d0fb0a6aff6327e1038723ca3c27ba708051d447
httpd	e26b9ee527f0	build/TSTBODY.iebcopy	96ad38deeb7b4c9ef20513b0dc77c7645416cbb10d9055ca99ef18151eff8a83
httpd	e26b9ee527f0	build/TSTCRED.iebcopy	ab9415d939d39f54b5f77e9726b5ec414823434536b7a3a2e600605258606db4
httpd	e26b9ee527f0	build/TSTDECO.iebcopy	8ac36c9d1b791604781aff8be9708165fe418bf24b74c932b40432891fcbd163
httpd	e26b9ee527f0	build/TSTEXPIR.iebcopy	2519f50861e3fcf4135494fdb06e9ffd0a2125473b526d0f4741764259efee32
httpd	e26b9ee527f0	build/TSTGCTX.iebcopy	aac76416fc840373e240a152a57fb8697b49d52008b10e197764c62808b39df5
httpd	e26b9ee527f0	build/TSTGPWD.iebcopy	53a94c56514391d8ac7db942c55f2d43ac13992bd0fbabfcb65abec923d8cdb8
httpd	e26b9ee527f0	build/TSTGUID.iebcopy	52bfc57e9db5a33de7c6ae3972cf22e3cc09054c3664f4a0babb112a0cf03f23
httpd	e26b9ee527f0	build/TSTLINK.iebcopy	238c5a2f831ac372b4205a08779d514d31bf2a43f2927768d8344ec11f3f2d10
httpd	e26b9ee527f0	build/TSTLNKM.iebcopy	9648d7727227a656440ae4a305052b9dc721fad86502711aaf12f2fe6bd33532
httpd	e26b9ee527f0	build/TSTLOUT.iebcopy	a578f0b93bc4f00479d7362bd5c295f20e0825050b6ced04cda9d8e2416e1cda
httpd	e26b9ee527f0	build/TSTNENV.iebcopy	dcd58bc5e97df77c2bf9031cf76bf15333bd80cebfe2e5b07f19eba6b06c6c0f
httpd	e26b9ee527f0	build/TSTPRM.iebcopy	85f845d4c82064cdc90668d9b93c75e3eb1a9ea3ce96df6225cc142248bc0c90
httpd	e26b9ee527f0	build/TSTRACF.iebcopy	f7d35baa844fa6027b48d1fc481e368e44579de094232a51ee7c8cfed2ec53bb
httpd	e26b9ee527f0	build/TSTREALM.iebcopy	35762e1a7c8055639b6671bd1bc2104476488e83f935ddc6744a61fdefe86915
httpd	e26b9ee527f0	build/TSTSAFE.iebcopy	2f421ab9e83e603784d09f0ec9fc79a7db72b1bbbf01307b83f438957fea44a0
httpd	e26b9ee527f0	build/TSTSP.iebcopy	dc412f26f3b7ed1aa95bc964cc8e0f202fe0940b365f24ee73805a2bb0216d20
httpd	e26b9ee527f0	build/TSTSPM.iebcopy	7fc767849572f8f02374bb970a4bc5aeb826467f3516c57f4213373424d81a2a
httpd	e26b9ee527f0	build/TSTSTAT.iebcopy	8fa07c6c5f509a8309ba3f0598bd8cde1ff68d051f15b677f628dc20868d2875
httpd	e26b9ee527f0	build/abend0c1.o	2af53d195a9b8ba5908360bd487ad4411c8a17fc97d5081f8fb820ac4b3238f9
httpd	e26b9ee527f0	build/cgihttpc.o	9b984725d64a04dd73cc07885883032076dd6c9f437c4227a50e88128d815093
httpd	e26b9ee527f0	build/cgihttpd.o	c86308b2560fb32f9f68e7feaa879fc87af4568073fbb0129f3b09961db201aa
httpd	e26b9ee527f0	build/cgistart.o	da708d62f839244a9854619ef755a15c275e95bcc5f8224d872375f44c14453f
httpd	e26b9ee527f0	build/credadd.o	da0275dfe5d9bfaa2803884fac38a9f593e58d5d47b73b242cb324f16580c018
httpd	e26b9ee527f0	build/credarr.o	b235ed469f3580adab0a3dff6bf1d952998ff84008bd291c571de490be650054
httpd	e26b9ee527f0	build/credexp.o	2e77dff0ead36f8635394063ee7f28edd8cf96dbe5ed381a93fbe1b7d2eef887
httpd	e26b9ee527f0	build/credfbac.o	40b652908c16a6f158cabe46acc6dcedb955d1c3bc141d4b510046c78b54ef7b
httpd	e26b9ee527f0	build/credfbid.o	d90c2dcffa2d09a25f1387ff93cbcf4517645ea53eade9a4d2e2f55951496e43
httpd	e26b9ee527f0	build/credfbtk.o	20aab6d9e140104cc107f5ba23c897efaa5bb2b0091c795aa90302cc4cfbf87e
httpd	e26b9ee527f0	build/credfrea.o	ea3fb7fa4a7a76131b098868825c2ac481eb9f6926ab62da49b15a4e7c4add09
httpd	e26b9ee527f0	build/credfree.o	0d724b5ea5d90f5259c292fc1c3693188a3e46dc31ad593ede21e96ac992519e
httpd	e26b9ee527f0	build/credidde.o	aec5664a9d53f831829a97889cad01b302aed858a19f5b955827da32b2c811f2
httpd	e26b9ee527f0	build/crediden.o	f837e926260c11c40a493c24fa675743a9eb4c629a7268c5a0ab3ee8f4485c74
httpd	e26b9ee527f0	build/credidin.o	7f889a9f9b500bdf8acc4c92e2fc1a1c443b3cffb4c0900344425b5d2b48fc74
httpd	e26b9ee527f0	build/credidue.o	4a99b57323fb015acab068bfac8cd14dc094ecd1da9459317e4b699f137b0769
httpd	e26b9ee527f0	build/credidup.o	d1717560cba0b75bcc0684ed45393da46dad87e561314709f1e8b9a350c58c9a
httpd	e26b9ee527f0	build/credinit.o	4e5c9b0fe6784e6eccb394cbd1f041d68947529064452753d3cc43dd5f744133
httpd	e26b9ee527f0	build/credkey.o	03bfa0de221e53ae66b44d86d99bbd6b65e94ba4807200bdd987884020125799
httpd	e26b9ee527f0	build/credlin.o	c82b336b1a054f0c4e4a3a339058e913a0f6f9f4b67996199c2bd346d1f8f7ab
httpd	e26b9ee527f0	build/crednew.o	6f7bb2d117b7228649d3a09ef539489a6f8355de8f66962aed8600ad44ff3e42
httpd	e26b9ee527f0	build/credreap.o	ffccc1656d7df0a8b9ffd071e8911a902439cc6e7e3ea096995d9bfe1dfc5b77
httpd	e26b9ee527f0	build/credtest.o	f9773319270e4b853a0ff35f2487ca45985dbb9811845603c595f677d33c9064
httpd	e26b9ee527f0	build/credtokg.o	32ca0c05025f5a39097c4ec892b79c310a32b58347ba8c83361044fefdd1fe56
httpd	e26b9ee527f0	build/credtokl.o	3d2b984cff909bd24b1c7b284d011d6daf6349c1c8aa5642a8571577199f133c
httpd	e26b9ee527f0	build/credtokr.o	606b9bc46109ba90075d46e2372321cae72b734dca18991afa0bcbb7e65e907f
httpd	e26b9ee527f0	build/dbgdump.o	15f16a8a8b9ac256a04661ebc7be747592286b54c38627bd452aad28cf1ff270
httpd	e26b9ee527f0	build/dbgenter.o	4c648cc2dc75ce5614f17aa522495389d413abfa4b7dfe55a970701a977a5f29
httpd	e26b9ee527f0	build/dbgexit.o	c386f9c09c988f3d3abbb8fc582a42176d0286e059d0c872a7e1490cf3784c9e
httpd	e26b9ee527f0	build/dbgf.o	e55f859e0291a7fdb3f78716fcb146cf80009e9aac4cf3433be6ae4be49cfa96
httpd	e26b9ee527f0	build/dbgs.o	3801c39d4c631f42911f7d1656f7504fa083e7e99d05f1ffe0b54a45af91b91d
httpd	e26b9ee527f0	build/dbgtime.o	5d6d87192f21d04f3bc5c422634a290498fd7d5d48031e8d6b75204210b759a4
httpd	e26b9ee527f0	build/dbgw.o	ad604fba4fc28f5b7bde846c3b8be8042fdd70c8555bcfbeff1cbfb09f73bcdf
httpd	e26b9ee527f0	build/dist-stage/httpd-4.2.0-dev-alloc.jcl	e36ddd5d32f96bb25b69574cd8d3badb0533589b13da99180498492713949252
httpd	e26b9ee527f0	build/dist-stage/httpd-4.2.0-dev-inst.jcl	1d0fb57250e1e64856bd141e36d9da1f7c7c30dea6590639ac82c07845af5711
httpd	e26b9ee527f0	build/dist-stage/httpd-4.2.0-dev-samplib.xmit	12578296e21a62430bd231c1251a09f41cb17e154f9eac8e3e39fcdc972419ea
httpd	e26b9ee527f0	build/http1123.o	30a5f7fded35a0cd9bd1cbe212b1b92d66ce8c88b3d3459095739aff4670d72f
httpd	e26b9ee527f0	build/httpacgi.o	a8da4e63618158751730a11bfa9b4cc4523896d167f98a2a539e6258c90d23d9
httpd	e26b9ee527f0	build/httpauth.o	01de14aeeede79c203bcda3a07ae31e73da98a81272e54b381c4a0fdda29815c
httpd	e26b9ee527f0	build/httpbody.o	caf044e1b19679f323c559b97c52d32a7e171e5f57ef6a1c4db46960436fefc7
httpd	e26b9ee527f0	build/httpcgsp.o	f725ca4368219e6c7416eb4233391d1a63a753c1384805e36a7bcabf31fab5de
httpd	e26b9ee527f0	build/httpclos.o	29feb623dae8724981147dc5f6ac1cbed65643a41cbe19eecf3252fdfa1dc89d
httpd	e26b9ee527f0	build/httpcmd.o	0c5ad19ad7d3a93f41820ee412522c02816ecb84bb9fe8a45ea48afc16b53d9d
httpd	e26b9ee527f0	build/httpcmp.o	b88a3cb8a890e9c2e167fe993efa1b99e987ff1615394c91cf6c003ec1d3b173
httpd	e26b9ee527f0	build/httpcmpn.o	574a886a889c33bdf1a5c4d1af297e907778b6bb2925228b8a28cf6ce961f8c8
httpd	e26b9ee527f0	build/httpcons.o	105f792bdac8b53f19943e32e66ebae645bc8644d2535d161e5dad92cf0bdd2a
httpd	e26b9ee527f0	build/httpcred.o	f83260f633f4b8eaf800cf2d4b5421c2a671484020fae423dafcb6bab2b482cd
httpd	e26b9ee527f0	build/httpd.a	ba93e1158d447db714f9b5c81df06680f4db5719f16e3e0254c59032b8dc416e
httpd	e26b9ee527f0	build/httpd.o	499a0c19006d4cdaef9ab607a5228f7192964aacf5b6981f25a312e6ed9f982c
httpd	e26b9ee527f0	build/httpdeco.o	dea525eedbf8b7665e06aabf444786a679b631ec9137ff63cc9d81b9f9ed79be
httpd	e26b9ee527f0	build/httpdel.o	92f5d481e6d2abe3770a977b13a04bd6477523d9fc32ba3cf030c070f8b55751
httpd	e26b9ee527f0	build/httpdenv.o	e9f11e34801be59bb3144674acc756cda42c9d936e9061ce9d863955e4d44e53
httpd	e26b9ee527f0	build/httpdint.a	91e24accffa2c7e4a5a484e17e3c76082a45da0e97b20c84c2239c1ccbb1602a
httpd	e26b9ee527f0	build/httpdm.o	5096c8cf18cd655f8b7bed027e9a173c01cbacdb5d867f008bf956afd7ade19e
httpd	e26b9ee527f0	build/httpdmtt.o	2b2684811cf7c27aabd0184a15210f76147eadbd08fcad1737408037678ab239
httpd	e26b9ee527f0	build/httpdone.o	b902726bd1637041ea0ac6497c1d53b99a9aa02b6515cf8eadb6f165a30f103e
httpd	e26b9ee527f0	build/httpdsrv.o	0be2b83e813c9edf5421be75918c61b174a9ee0881b737b75b206abeb89d9a83
httpd	e26b9ee527f0	build/httpesc.o	dc198c9d66553579bdc90ac4902708427be23e82cec43c2b1865c17ab8179adf
httpd	e26b9ee527f0	build/httpfcgi.o	25d4805d8a699f2386dd38167626eb4a2e20977ad733086e5639839ccc870e3b
httpd	e26b9ee527f0	build/httpfenv.o	6262b19a477c4d089fb2129005bc6ddc3d80007db3de9c6edf878799baf73dd2
httpd	e26b9ee527f0	build/httpfile.o	aab1559cf92a7d92c84e2003344cd566352cd26e6bfd8744f5a7f0c44bfd1f49
httpd	e26b9ee527f0	build/httpgctx.o	237b728e575966184bd1852938de904e8e00aede74686065e31a4e02ecbf4b88
httpd	e26b9ee527f0	build/httpgenv.o	ff537ac2c08feb0521bff00cc796d0fac201f62fffabf7a37bd973c7d80cb917
httpd	e26b9ee527f0	build/httpget.o	b23cd2e0134e9e76c1d193d53c22b28f5caa6cd1def43a80ed6d25d24401255d
httpd	e26b9ee527f0	build/httpgetc.o	15ac76ef7effa38c5cf8361208d4a2adbad15d970dda2ac7fdd7fde8206104ee
httpd	e26b9ee527f0	build/httpgets.o	23e5f89857b34c79a37c75ceedd4e7f046872da170b943c66170df304bf7073d
httpd	e26b9ee527f0	build/httpgsna.o	3a1c652d21df7b7e0e210379990be4d93334a72697a512edecc4a89b542f2aa3
httpd	e26b9ee527f0	build/httpgtod.o	e832961194a94a4906164a106ca98648274c7b0f2d8819dfa0f36378f8cf74f2
httpd	e26b9ee527f0	build/httpgufs.o	25871bf34450d714782d2e90de400804ca301c1ddf2d3845b104d0a1c75fb8dd
httpd	e26b9ee527f0	build/httphead.o	c42797bc901678047f19c0e2038ac45b0933a639ebcbfa13c5de9fc0050148a7
httpd	e26b9ee527f0	build/httpin.o	ee80ba07809107bc587313ef2ae4b42b62c98759267ef07077c922a5f0b6d0ae
httpd	e26b9ee527f0	build/httpisb.o	3d73567c86a25ed49b309fcf503c8f9f758a7b5e3157c6efa812a45641c2261c
httpd	e26b9ee527f0	build/httplink.o	09686d0d0e5d1cef876cc077ff14fbbfa69fa5ecfaee550106c1aa98c104c70b
httpd	e26b9ee527f0	build/httpmime.o	ae2995d221f560ba7b9eb24c490265069f2ccaa20ca859de70a83aa95ff9d027
httpd	e26b9ee527f0	build/httpnenv.o	707a2ed8bcb0dfa78283f71b326d54fd5d25356749876ac7b76fa6b9aa1441dd
httpd	e26b9ee527f0	build/httpntoa.o	132e5a423315411bd1487c47d9fac3e40202a28d6c5a9025f7d38c03cf9c5741
httpd	e26b9ee527f0	build/httpopen.o	d1a5949a85336c8bb310b07ca8f9b10855eb551b5f201f14f80508ec552ca6b0
httpd	e26b9ee527f0	build/httppars.o	a29ca887d71862a5e5e78db09cdd9cbcd184ab74ea064d9580461d14ccd9dc8f
httpd	e26b9ee527f0	build/httppc.o	b09fe3eae32d4ba92a7d8e2a118ee92ff77e2b68ff27fd25236c63c3c3bb58a9
httpd	e26b9ee527f0	build/httppcgi.o	b76c296053bbfcc26a68688bb61cd70208bdbd204b5e41d82c01c9ae1c78a516
httpd	e26b9ee527f0	build/httppcs.o	70952390701dbfce567e8231b5f70851179f1a851d216b25c1ef94cc904a791b
httpd	e26b9ee527f0	build/httppost.o	88534cc47e63cd3e9f84ce5a6f1680d713e3a0ffe17ff77cffbbdd6e427182ea
httpd	e26b9ee527f0	build/httpprm.o	381447ee192b8ebc1074f9adce69bc4ff08db250d248fcd0bb56bb562e3023f2
httpd	e26b9ee527f0	build/httpprtf.o	bc5284ca53c22f5960116683074de946642da695b5c8cf0dd646b842efa35316
httpd	e26b9ee527f0	build/httpprtv.o	601392bd3bced7a59aafcb228697f315db0e6d89194977a9f2953334943e5869
httpd	e26b9ee527f0	build/httpput.o	6a140e1e5612f1d1a39e93aa6bc5056a174c7276afa72bf97f25927ad86605d7
httpd	e26b9ee527f0	build/httpracf.o	ccb158a7354fd03d96bf9c40c0044fb109516fefe183887ec184588be98c8d00
httpd	e26b9ee527f0	build/httprbz.o	c0098a4ad30afb5d4d1246f64d433b1fc371f98d3522657e2f7f6294836d4b84
httpd	e26b9ee527f0	build/httprepo.o	b0ed6a7c0e1b761513a53780008dccd4cade02994d263fb6cd605247c0821684
httpd	e26b9ee527f0	build/httprese.o	a0cb4996a5c18e380077dd996ba4ade0fe9acdce21204dce3392a64828162334
httpd	e26b9ee527f0	build/httpresp.o	010481dca5b0b574668ed70bd010a1783de9c495b0b7f802fa098e29c4957f46
httpd	e26b9ee527f0	build/httprise.o	8d9d4eebbd5a06dfd01e07c1085423ebb7d0ac1b519e5f0343c3d37678bcac56
httpd	e26b9ee527f0	build/httprlm.o	1e59b28924fc7a94a2e98d39bf7a3691acd0748f919f8a76cc1314d334e4b54d
httpd	e26b9ee527f0	build/httprnf.o	7a6581d06850989b21ad29ef4e6f9947e0d32d12f5fc844ad06cd0f0b25bde25
httpd	e26b9ee527f0	build/httprnim.o	59317674271dd79ea4c9dc1d14e01aa1dc9675bb4163561b404933ed2d807b20
httpd	e26b9ee527f0	build/httpsbz.o	4fa5fbe0753f7759773954ffa7b682ab6e9b3954f5861d04e25f927c6cfbc227
httpd	e26b9ee527f0	build/httpsecs.o	db27cf3ee0fb0c2a9feb8aac6d906de40f4d9ee8b9ce994f86be427f596eda6f
httpd	e26b9ee527f0	build/httpsend.o	0b8608616719274fd00b4e627daf861e299c1ad4b494c3d852a9d9ae2a0612c8
httpd	e26b9ee527f0	build/httpsenv.o	9e61661f804501e1913e9035144621ef60ce10a156a839867265be59674dc633
httpd	e26b9ee527f0	build/httpshen.o	836e448112a8ccc9ad1a0618f1f3a17fa943d997acd073edd6e1ed92cb4dfaf8
httpd	e26b9ee527f0	build/httpsndb.o	739fa662810c65d4dc6730543a3411d0dd153aebdbaa5872899a04117211e6b4
httpd	e26b9ee527f0	build/httpsndt.o	6a586cd9c0b4d291bb4f6ebe662ce1ffe81ff06d0b2e023d2612d7ba599fa7e2
httpd	e26b9ee527f0	build/httpsqen.o	ef88db13170f03cfd1eb7e2dc9f1d5be38b9239d29cf4849d9218bb6df3d756f
httpd	e26b9ee527f0	build/httpsrdr.o	259041dc5e2ef54c975998e554b810eb17fa3ebfce9cc9925cbbe7dd5d608b7a
httpd	e26b9ee527f0	build/httpstat.o	859d2bd8dc906e15d264e134b574571a2b9a59c71bc1950b771c56e164ae2967
httpd	e26b9ee527f0	build/httpstrt.o	12725041470844502f5939b2bd5f288eb0a7661bf799c3409709772404aedc31
httpd	e26b9ee527f0	build/httpsubt.o	2b3bfcc6e1641efd69f8664a9cac43e1197977ab48f0a562cb9aef5ed7445152
httpd	e26b9ee527f0	build/httpupcs.o	f46cf15921951bced5cee2b83652d60245c31d52d9d0c26b9dc889f0c2b67cce
httpd	e26b9ee527f0	build/httpx.o	f34e2f9d2bf4578b77ce0e237285b81fe902b8eb41251a9419d9f5c831707013
httpd	e26b9ee527f0	build/httpxauth.o	a65151f378224e8cb4448ab4ae49cbdc43d8d5b251812d05ee4f8a811f6ea2b1
httpd	e26b9ee527f0	build/httpxlat.o	28b400120734960faa46373d367d5eb005df7cacd35d0ba292e3b36a97f888b8
httpd	e26b9ee527f0	build/tstbody.o	a153f834f12bcc6a9bebed6881fc2cc785b956e9f21c13ca29a2b83033ad1a59
httpd	e26b9ee527f0	build/tstcred.o	b6e1207c12080e15b33cc9028b6913920f49e4a8789dd44847eab01c35b6c205
httpd	e26b9ee527f0	build/tstdeco.o	40d51b61e5e631c3bf31033a920604b609fb911d56267c0e087d1af7abc919a4
httpd	e26b9ee527f0	build/tstexpir.o	3b3c98288f0b1151dd30b293ab28dd0d7abaa8821d772e39e68c7862a11f5f65
httpd	e26b9ee527f0	build/tstgctx.o	6d12b8e485593bbeedb48ab4f3841da4558cb317edab0c0af2e267b365f9bbde
httpd	e26b9ee527f0	build/tstgpwd.o	d71666b9bb24a7010d6fbe6d914b5b0a72444fa10f0c257247dabc85d2f39a27
httpd	e26b9ee527f0	build/tstguid.o	2d21cd33a268e222429fbc3c6efb9078b5151b3e4c48e8d1ecd90550cac324cd
httpd	e26b9ee527f0	build/tstlink.o	f330f1ee62cae9f2cd1fab5ce47ff979cf5b3cc6c63f93e28cc96ffd1768e9e5
httpd	e26b9ee527f0	build/tstlnkm.o	63108f4960b5a39f94a1378d2a51a226018dbba635c22478b1aa777891ec54ca
httpd	e26b9ee527f0	build/tstlout.o	0a42ddfb8f7325643671a67b87b8fc52458fc61b62a8916fc1b528da3d682e3b
httpd	e26b9ee527f0	build/tstnenv.o	8894ec5e78017f97338e4e63d84de9135320b9ac0a1665b8bf518f0208d73874
httpd	e26b9ee527f0	build/tstprm.o	8c1aba784afe0ddbac1a081a61c9aa6eba9749b971480f0bc37f502d27766244
httpd	e26b9ee527f0	build/tstracf.o	b38da5c38a9913cc493cdf7879f34f1c1f0d10ec96be0f2d858d133986044ef2
httpd	e26b9ee527f0	build/tstrealm.o	a3cc3b4e3d88881609279aa687a9c9984ddbcc37c8b2e4fc368b7a768a320181
httpd	e26b9ee527f0	build/tstsafe.o	f0bad731acbdcb8b9b59c85df3a29cbeb3177dab56ef7780dc17c281cd0b90b2
httpd	e26b9ee527f0	build/tstsp.o	e6ee46496e384fa0b228c64fbdc6b915753f3d5d8f42c3a49bfad7bf9b1d0306
httpd	e26b9ee527f0	build/tstspm.o	3faaead22ce0da7b7f9a0cd2ff33a3d4b7164527f19d562cfb568812d986a771
httpd	e26b9ee527f0	build/tststat.o	2ad3290fe739095b83a1ba59f0dc76d862c29f0891be6a09709e5bd9644c93ee
httpd	e26b9ee527f0	dist/httpd-4.2.0-dev-load.xmit	a82bcc49d212078c93eab91f78e5eba7341cac179e7a84aa20206d8854a5d1a9
httpd	e26b9ee527f0	dist/httpd-4.2.0-dev-dist.tar.gz!httpd-4.2.0-dev/README.md	92a13b8b61c660fe7378bc60f33302c55e22d17c312b2b04fc66aa99b8ae8075
httpd	e26b9ee527f0	dist/httpd-4.2.0-dev-dist.tar.gz!httpd-4.2.0-dev/httpd-4.2.0-dev-alloc.jcl	e36ddd5d32f96bb25b69574cd8d3badb0533589b13da99180498492713949252
httpd	e26b9ee527f0	dist/httpd-4.2.0-dev-dist.tar.gz!httpd-4.2.0-dev/httpd-4.2.0-dev-inst.jcl	1d0fb57250e1e64856bd141e36d9da1f7c7c30dea6590639ac82c07845af5711
httpd	e26b9ee527f0	dist/httpd-4.2.0-dev-dist.tar.gz!httpd-4.2.0-dev/httpd-4.2.0-dev-load.xmit	a82bcc49d212078c93eab91f78e5eba7341cac179e7a84aa20206d8854a5d1a9
httpd	e26b9ee527f0	dist/httpd-4.2.0-dev-dist.tar.gz!httpd-4.2.0-dev/httpd-4.2.0-dev-samplib.xmit	12578296e21a62430bd231c1251a09f41cb17e154f9eac8e3e39fcdc972419ea
httpd	e26b9ee527f0	dist/httpd-4.2.0-dev-dist.tar.gz!httpd-4.2.0-dev/httpd-webroot.img	2a85bc904920719a839885215fe66d3226ac16c64691a148878e458687d44dfc
httpd	e26b9ee527f0	dist/httpd-4.2.0-dev-dist.zip!httpd-4.2.0-dev/README.md	92a13b8b61c660fe7378bc60f33302c55e22d17c312b2b04fc66aa99b8ae8075
httpd	e26b9ee527f0	dist/httpd-4.2.0-dev-dist.zip!httpd-4.2.0-dev/httpd-4.2.0-dev-alloc.jcl	e36ddd5d32f96bb25b69574cd8d3badb0533589b13da99180498492713949252
httpd	e26b9ee527f0	dist/httpd-4.2.0-dev-dist.zip!httpd-4.2.0-dev/httpd-4.2.0-dev-inst.jcl	1d0fb57250e1e64856bd141e36d9da1f7c7c30dea6590639ac82c07845af5711
httpd	e26b9ee527f0	dist/httpd-4.2.0-dev-dist.zip!httpd-4.2.0-dev/httpd-4.2.0-dev-load.xmit	a82bcc49d212078c93eab91f78e5eba7341cac179e7a84aa20206d8854a5d1a9
httpd	e26b9ee527f0	dist/httpd-4.2.0-dev-dist.zip!httpd-4.2.0-dev/httpd-4.2.0-dev-samplib.xmit	12578296e21a62430bd231c1251a09f41cb17e154f9eac8e3e39fcdc972419ea
httpd	e26b9ee527f0	dist/httpd-4.2.0-dev-dist.zip!httpd-4.2.0-dev/httpd-webroot.img	2a85bc904920719a839885215fe66d3226ac16c64691a148878e458687d44dfc
httpd	e26b9ee527f0	dist/httpd-4.2.0-dev-lib.tar.gz!httpd-4.2.0-dev/include/dbg.h	cd8f83bd7f24e90a280a9ba1f04cad1514b50cd5254f17250a0ac74c5c18a741
httpd	e26b9ee527f0	dist/httpd-4.2.0-dev-lib.tar.gz!httpd-4.2.0-dev/include/errors.h	e8d401005b0075553abaa5eccaa92e132a94ce0433d65e9317ae57030134e736
httpd	e26b9ee527f0	dist/httpd-4.2.0-dev-lib.tar.gz!httpd-4.2.0-dev/include/httpcgi.h	1792a27f532a00c66202011ebc90c3dc30d41dc7ca41ccfc2cba666da34329a8
httpd	e26b9ee527f0	dist/httpd-4.2.0-dev-lib.tar.gz!httpd-4.2.0-dev/include/httpxlat.h	adbdccf82c0c512f225c6db46768a623f6fc7d275476c97deda91e0e63012e64
httpd	e26b9ee527f0	dist/httpd-4.2.0-dev-lib.tar.gz!httpd-4.2.0-dev/include/types.h	1585bba1ef4c64dca3eb87ee12f75078f1dc576331be0248bd098ab69791be5a
httpd	e26b9ee527f0	dist/httpd-4.2.0-dev-lib.tar.gz!httpd-4.2.0-dev/lib/httpd.a	ba93e1158d447db714f9b5c81df06680f4db5719f16e3e0254c59032b8dc416e
mvsmf	cab7b34c29bb	build/MVSMF.iebcopy	902602356f26aa7a78224e387264c862f7dea845f863161580ebee40de346d6c
mvsmf	cab7b34c29bb	build/TSTABND.iebcopy	6ae36cde82e5b750f9a6df8880a727b75057ec277a380104555b6c935ac1848d
mvsmf	cab7b34c29bb	build/TSTETAG.iebcopy	4899a94b8a739f69f9fea94dcb647aeaefe70da1c649402d301cd89ee0af891d
mvsmf	cab7b34c29bb	build/TSTHOST.iebcopy	914c5eef94e7da2babfbdbc482567fe379d5b4799b89a4e61286f1446bc4fe11
mvsmf	cab7b34c29bb	build/TSTJCARD.iebcopy	b40c8cf862b43b895621c92c32d50a6c5924e5fb0627fd5aac2efb9be8b786b0
mvsmf	cab7b34c29bb	build/TSTJCLN.iebcopy	2a93c97c6f75b0f9a56d8ab89ab21018f166cf966955827b1e63e93ea6c5f40d
mvsmf	cab7b34c29bb	build/TSTMTLN.iebcopy	fda1be6de577628cea6c52eec9c4a46d2ead7114dfe5031400fa86381b2d89aa
mvsmf	cab7b34c29bb	build/TSTNTST.iebcopy	f0237348029d9c9da2e11175ae4d4125f14b3ab833698c28199b617274ae0a52
mvsmf	cab7b34c29bb	build/TSTRECL.iebcopy	4909043fdee15a2635c01046691ea73d6fab1c53498d0ca5482afc289e59aa66
mvsmf	cab7b34c29bb	build/TSTSEND.iebcopy	630b8aaba3e2c17b7cff62a2d791b9553e0570061ea409bae898f1f7b2bf24c9
mvsmf	cab7b34c29bb	build/TSTSPLN.iebcopy	db5146382b44048d30f2e48805772243d135c617e82480ecab2e78a7f6399d90
mvsmf	cab7b34c29bb	build/abendmsg.o	2111276fa0d8dbb3a2882f2d5cc19dbb8038c87f43fa6fe1e262b17d69ad9bcc
mvsmf	cab7b34c29bb	build/authapi.o	8fcc9ba2a78fafc9e77d2f75138e3ef11dc49c2ff0a659e1b216be47ebb6547e
mvsmf	cab7b34c29bb	build/common.o	8c9c6f7ca5aa05fbe0d5c8b370f17c225d02c85dbb7339a57769c0486d777a72
mvsmf	cab7b34c29bb	build/consapi.o	61dcbc44c08a560f68392cb516e250fe2ff6f0b6b6926d4f794bd85497aee4e0
mvsmf	cab7b34c29bb	build/dist-stage/mvsmf-1.2.0-dev-alloc.jcl	c76580061732a5cdf87a14343bf10e8f79d0bc5a4d8231a6af9b811063aaf767
mvsmf	cab7b34c29bb	build/dist-stage/mvsmf-1.2.0-dev-inst.jcl	87544e2c25c33f21ba6126b441ff9c0813f6369613af6edf83c7a9875e858ade
mvsmf	cab7b34c29bb	build/dist-stage/mvsmf-1.2.0-dev-samplib.xmit	4a7e5f1058ace52861cbec8c93326e195d6e1ced4683e40f70cd9585cc87c191
mvsmf	cab7b34c29bb	build/dsapi.o	cfacac952d21c3e3db46a079943ba731eafaa5eaf89838c76cd4d2ba661a0ece
mvsmf	cab7b34c29bb	build/etag.o	e511dc531da2b60e0ae4dcd4aaab791500cea3c8053ebe36aac7a9b42c82d973
mvsmf	cab7b34c29bb	build/hostparse.o	425e8781443660ddade942ea7bce2e95aa37d9315438382092138ca03683c117
mvsmf	cab7b34c29bb	build/infoapi.o	fa199a37f756b26f97c68736bfc01558d2d981f665a4e821a488b5ef21dab3b4
mvsmf	cab7b34c29bb	build/jclines.o	60d32b8d3dbca583a6cdc2c8f99f89e438eaaa1d563a56e6be4b98ecbf6f65ff
mvsmf	cab7b34c29bb	build/jobcard.o	acefdd32685bcb8383040dd309f43235ab3c7bc2e3208c0e6e575b964bfcca9e
mvsmf	cab7b34c29bb	build/jobsapi.o	30a0f9c463354dc71134071591552ba50b119d8c5ef85b6cfa31a1529bdea958
mvsmf	cab7b34c29bb	build/json.o	6f522435db8362eb8e53f271350d9af534b36ce720ff84245e0ec00cf7f16bbf
mvsmf	cab7b34c29bb	build/logmw.o	349c348d6f51b596b36ffc1c320248cd0bca932b8bf877db426653c2c22f02ea
mvsmf	cab7b34c29bb	build/mvsmf.o	838ac0361e5f4588b19a1ada70c6c5d94c08b2ff648d7b6a437db421de24bec9
mvsmf	cab7b34c29bb	build/mvsmfctx.o	c025da560e3ed40f50c0cfa2b1e549d01f21d9bf327fcdeb891630bd517e4bb1
mvsmf	cab7b34c29bb	build/ntstore.o	52f0b488576a4a3bde169947fba6688ed769d3abf392acc4575b4a4b5f8bd03d
mvsmf	cab7b34c29bb	build/reclines.o	2fafcd36a9b13678402b1d68682fdef64450aa57244bfa8d2c48bda48a7fbe78
mvsmf	cab7b34c29bb	build/router.o	19614c695e5d0354f577da324d261a59a7199b96185debf0a04590ec81ad561f
mvsmf	cab7b34c29bb	build/sendall.o	33ce2515e7d715d1288799fb397c3eeeeb1d5d5f04741a5c1a3db191dd9357d8
mvsmf	cab7b34c29bb	build/spoolln.o	9fe6d629e3a3de11daca5cda94a330fec5ececf960cdc0350975cea174a1ea03
mvsmf	cab7b34c29bb	build/testapi.o	7166d8a9d385044c0d35535e344dfdcd98a236c43007d44cfad15a38738c1ac2
mvsmf	cab7b34c29bb	build/tstabnd.o	3eac85d7d96ff0e51be9e3151559447c21e2d5d4338b75704783604f1504529c
mvsmf	cab7b34c29bb	build/tstetag.o	25925569d838ad323c32274fd3c2ca1b67ee6621fec69d443ac9381728345f40
mvsmf	cab7b34c29bb	build/tsthost.o	ebe19cecb31674061f6ef935cf300d921d565627336f9048b35c5092274333fd
mvsmf	cab7b34c29bb	build/tstjcard.o	0de2e73563e7d6436111ad08f594735b504e452840cd3df5aaf0fc844a35b592
mvsmf	cab7b34c29bb	build/tstjcln.o	12a62e020617ffb34a8699d93f404019dc46005710f2c2e303f28dc0add8b59c
mvsmf	cab7b34c29bb	build/tstmtln.o	02d3ff18bfbdbbc6ada9fd7a0814dd25c13cd1dec6416871af2baa980a44d26e
mvsmf	cab7b34c29bb	build/tstntst.o	305344e4f8406693ef2bc258ad4e7e3495484f1402a9fbaa14a315e404387fe2
mvsmf	cab7b34c29bb	build/tstrecl.o	3985db6d58368c2ebd5e9636728756aa700be73c13d4b8c0a8c47f13d2181aa7
mvsmf	cab7b34c29bb	build/tstsend.o	9d237b2a432a0c2c17846e3b208e85106f99a4db7ef55712c6c014dbe5067954
mvsmf	cab7b34c29bb	build/tstspln.o	6a4605f4e55fdd6f5678ebfca8dde31aea12ea7da685541af399e10d3f4dd02f
mvsmf	cab7b34c29bb	build/ussapi.o	ae168c6bd2beb314b0b48d7fdcb46d50829e3d104d205573d18ee719bd348fa3
mvsmf	cab7b34c29bb	dist/mvsmf-1.2.0-dev-load.xmit	eea38d5ca79c4ba608765ea57e9a84a27f0163d00ba72f8e448fc55a896fb49c
mvsmf	cab7b34c29bb	dist/mvsmf-1.2.0-dev-dist.tar.gz!mvsmf-1.2.0-dev/README.md	69f0e3213960c760264d59b136a45089c1bd0de295b529c5bb7c6617a9307e34
mvsmf	cab7b34c29bb	dist/mvsmf-1.2.0-dev-dist.tar.gz!mvsmf-1.2.0-dev/mvsmf-1.2.0-dev-alloc.jcl	c76580061732a5cdf87a14343bf10e8f79d0bc5a4d8231a6af9b811063aaf767
mvsmf	cab7b34c29bb	dist/mvsmf-1.2.0-dev-dist.tar.gz!mvsmf-1.2.0-dev/mvsmf-1.2.0-dev-inst.jcl	87544e2c25c33f21ba6126b441ff9c0813f6369613af6edf83c7a9875e858ade
mvsmf	cab7b34c29bb	dist/mvsmf-1.2.0-dev-dist.tar.gz!mvsmf-1.2.0-dev/mvsmf-1.2.0-dev-load.xmit	eea38d5ca79c4ba608765ea57e9a84a27f0163d00ba72f8e448fc55a896fb49c
mvsmf	cab7b34c29bb	dist/mvsmf-1.2.0-dev-dist.tar.gz!mvsmf-1.2.0-dev/mvsmf-1.2.0-dev-samplib.xmit	4a7e5f1058ace52861cbec8c93326e195d6e1ced4683e40f70cd9585cc87c191
mvsmf	cab7b34c29bb	dist/mvsmf-1.2.0-dev-dist.zip!mvsmf-1.2.0-dev/README.md	69f0e3213960c760264d59b136a45089c1bd0de295b529c5bb7c6617a9307e34
mvsmf	cab7b34c29bb	dist/mvsmf-1.2.0-dev-dist.zip!mvsmf-1.2.0-dev/mvsmf-1.2.0-dev-alloc.jcl	c76580061732a5cdf87a14343bf10e8f79d0bc5a4d8231a6af9b811063aaf767
mvsmf	cab7b34c29bb	dist/mvsmf-1.2.0-dev-dist.zip!mvsmf-1.2.0-dev/mvsmf-1.2.0-dev-inst.jcl	87544e2c25c33f21ba6126b441ff9c0813f6369613af6edf83c7a9875e858ade
mvsmf	cab7b34c29bb	dist/mvsmf-1.2.0-dev-dist.zip!mvsmf-1.2.0-dev/mvsmf-1.2.0-dev-load.xmit	eea38d5ca79c4ba608765ea57e9a84a27f0163d00ba72f8e448fc55a896fb49c
mvsmf	cab7b34c29bb	dist/mvsmf-1.2.0-dev-dist.zip!mvsmf-1.2.0-dev/mvsmf-1.2.0-dev-samplib.xmit	4a7e5f1058ace52861cbec8c93326e195d6e1ced4683e40f70cd9585cc87c191
lstring370	8ccc09a0c6b7	build/lstr#cor.o	130f98559f4c80502dbc5995516a8d73d94c24c2b940b5f16f807df38014ea8a
lstring370	8ccc09a0c6b7	build/lstr#cvt.o	b879bf7d768d640b1ccff76f75384f36ede9d5f76bdc99043f955b0cf3997a56
lstring370	8ccc09a0c6b7	build/lstr#fmt.o	492302ddc45f6ba2a8f2db964fba5b4b0bdd1d98bb2dea774ae286417030a6ea
lstring370	8ccc09a0c6b7	build/lstr#srch.o	46d7211802adca8c3a3869a1b7638cc2dc08dcfd79507baaca21d330d155cb01
lstring370	8ccc09a0c6b7	build/lstr#sub.o	4c4fd3a3b2d2f5c2597884106ce0694570b9c5aec3d84acc52acbdf5fcde44a1
lstring370	8ccc09a0c6b7	build/lstr#wrd.o	5800f48b0457829dfa2121ff44c4143f9074ee4fc315d99ff1d4d3370d48c7c9
lstring370	8ccc09a0c6b7	build/lstr#xlt.o	36b6b798747f9ba329f6b29d5de44389e0a78bf5fa94808b1b223cd8ba887698
lstring370	8ccc09a0c6b7	build/lstring370.a	c6d1bad60d522f0c459b0ad879fa7d35d7e8b1a9341c46c22184a0fc709d9965
lstring370	8ccc09a0c6b7	dist/lstring370-1.0.0-dev-lib.tar.gz!lstring370-1.0.0-dev/include/lstralloc.h	3e7a76c9bfa29bf78ace47dc03fb13445a55f0c08d8ef74ca78fc3f83108d558
lstring370	8ccc09a0c6b7	dist/lstring370-1.0.0-dev-lib.tar.gz!lstring370-1.0.0-dev/include/lstring.h	d03a8694092a73c12345acc32b575bf4a97fc1bc98f2145ae267a8b3e5834c42
lstring370	8ccc09a0c6b7	dist/lstring370-1.0.0-dev-lib.tar.gz!lstring370-1.0.0-dev/lib/lstring370.a	c6d1bad60d522f0c459b0ad879fa7d35d7e8b1a9341c46c22184a0fc709d9965
crypto370	14461e8515a1	build/TSTB64.iebcopy	952f879ec0c4ba372ed83d4e660cb9aad79da3641a29cf8956399d8b7b2e4815
crypto370	14461e8515a1	build/TSTBFISH.iebcopy	0d98dc4cb8ff98dfaac32e446ca2a832d26d616be9aab0a35de2f22726d8df6d
crypto370	14461e8515a1	build/TSTSHA.iebcopy	902702ec961ea56cca3b38951edeca835ebd0787007354c47eabe0b581ce5c76
crypto370	14461e8515a1	build/b64dec.o	76b7f4b8553d2e2f4112e16838b324411a07924662821f8bf882d249793b5cb4
crypto370	14461e8515a1	build/b64enc.o	5720ffc83427934305977ec3e41ab23a58739e7a112d2e13de206941c3e85100
crypto370	14461e8515a1	build/b64tbl.o	062f6fd88aa0280528f6ab423c4a5c7c10f9d27653e725559ff6ba467333909e
crypto370	14461e8515a1	build/bfishdec.o	dbb313c13217bd76867202a9fbb16efaf4ccdfab54ba1689e834b6e2c5e3e9d4
crypto370	14461e8515a1	build/bfishenc.o	4d75ac5d84e3af98b1f3b5a3e00fa9a5c7c55a0535b59ff73f0128ab339f187c
crypto370	14461e8515a1	build/bfishkey.o	36629a5e8d6025fac374ac7b9c600e1078fe917069bc413498cf87d06d178369
crypto370	14461e8515a1	build/crypto370.a	da9dd9f9b31d72ad92f32c78e2273c80698dcc0414c237c8c59a81a74408c7e4
crypto370	14461e8515a1	build/sha256f.o	116906ef9005712172c0ed112e6f98c4dada51cbcec914a92ea76e4577ebe06e
crypto370	14461e8515a1	build/sha256i.o	3cb3222376a4f79efb5c960859db133bab8b70668969e5b0845088857dedbef8
crypto370	14461e8515a1	build/sha256t.o	ddd83901a851630baaf29b7055c50b35d19c3ee881874dcf1a3c67751587f514
crypto370	14461e8515a1	build/sha256u.o	630b385426c598b944c835ad0477b5f98092b2dbe1609711bfedd1c076cadd9d
crypto370	14461e8515a1	build/tstb64.o	3a1afbbc45a5623bbd7b3dd7a8775c024d30a04b6fff08d5fae39cca2c391954
crypto370	14461e8515a1	build/tstbfish.o	4edf7f131b804f6acf365e60df303234e1bd0a5924279be20a14d81896fcea93
crypto370	14461e8515a1	build/tstsha.o	c3a1a696e86fb3cc4ae4df716e57273e10982e63a9a27667aa1e8cf71b67e33a
crypto370	14461e8515a1	dist/crypto370-1.0.2-dev-lib.tar.gz!crypto370-1.0.2-dev/include/base64.h	57c257ccc10ecd459972f924d6d93685ef8de668236084ceb923070ea6cbaf47
crypto370	14461e8515a1	dist/crypto370-1.0.2-dev-lib.tar.gz!crypto370-1.0.2-dev/include/blowfish.h	f2028e449a33c23c7adaf6b77cc831db6b0257ff062934c12f6c1142f7ebfab7
crypto370	14461e8515a1	dist/crypto370-1.0.2-dev-lib.tar.gz!crypto370-1.0.2-dev/include/sha256.h	c7b1d7cb7180f4f6027496bffbe99a459b7e5e128f4e4006f39866d0064d9648
crypto370	14461e8515a1	dist/crypto370-1.0.2-dev-lib.tar.gz!crypto370-1.0.2-dev/lib/crypto370.a	da9dd9f9b31d72ad92f32c78e2273c80698dcc0414c237c8c59a81a74408c7e4
rexx370	4b5c5707e2ab	build/IRX#HELO.iebcopy	ccffbaf7d100a71341142ce4a8fa63bf7975931a6d86c4ed8da05bae45fdd561
rexx370	4b5c5707e2ab	build/IRXANCHR.iebcopy	33c113baad661588f2ec37bb86da880f71900dc7849a47788fb2ff30af293621
rexx370	4b5c5707e2ab	build/IRXDBG.iebcopy	d97a07d3546e3712ca708adcfd066c1e1b180dac2f7f88e98b43ee90bc77bbe4
rexx370	4b5c5707e2ab	build/IRXEXEC.iebcopy	dfbdb750a17d54c8424eabc4645f5d60b87b3822986aeeb1697fb33dac17651f
rexx370	4b5c5707e2ab	build/IRXINIT.iebcopy	b294c75712729f85f89aa78fd105d122e3eabca8ff68d06982b0f626b2f5b42f
rexx370	4b5c5707e2ab	build/IRXINOUT.iebcopy	35d9797a01ccbd5943ce8882368b11e9f4fd9ca40e7ab7a907c364cf18d10331
rexx370	4b5c5707e2ab	build/IRXIOTSO.iebcopy	261603bf7116e7a34f91fc7aa70347e27d53e259ea23f13309ed5d0c4256b6bb
rexx370	4b5c5707e2ab	build/IRXISPRM.iebcopy	0fb78c4f82c90bd58eb17a725e10de45ac71737464c3fbe57c3220a5fe09b473
rexx370	4b5c5707e2ab	build/IRXJCL.iebcopy	367324528175a2699b45baad91008c852f3e0441e1bd4b6141efcd9d15dd0cf8
rexx370	4b5c5707e2ab	build/IRXJCLD.iebcopy	be4a58551a27bb09def72ba23d31ed39ef43181ac4d59b7bf00f28d0fbca77d8
rexx370	4b5c5707e2ab	build/IRXLDTSO.iebcopy	c163b984d567494917c50f79505e6c96f956bf3503f361d7f432bb90c491a3e1
rexx370	4b5c5707e2ab	build/IRXLOAD.iebcopy	19a5cafe437ae029e31d1d8ba9a6cf5b9ce398c20a92958b9a20d7e345284f68
rexx370	4b5c5707e2ab	build/IRXMSGID.iebcopy	ebae59715111d4298370577a7314430f7b1a713c55a6475f7f1d2de5f48b667d
rexx370	4b5c5707e2ab	build/IRXPARMS.iebcopy	d9ce8f34e6b2fae79fd1b5461824d42f6de164a459ebad2f40dfc002163dc2ba
rexx370	4b5c5707e2ab	build/IRXTERM.iebcopy	f4ce07b103feb8afc3c81458a4b265406a2fab4b633eb9506fcec5cec3118350
rexx370	4b5c5707e2ab	build/IRXTSPRM.iebcopy	18b11fd1f09123a60c09b3a696ae9116f4786c4bf8dcd30785419df56f18178d
rexx370	4b5c5707e2ab	build/IRXUID.iebcopy	e4f72b3450f48170833740ca18a89c22b8311cff541810cfbd8726a7defd6b01
rexx370	4b5c5707e2ab	build/TEXECVL.iebcopy	67fe46de2094116e19522f88b521fa07d6af574825328449e711f16d5eca5dcd
rexx370	4b5c5707e2ab	build/TINITVL.iebcopy	a88916792687755ac51b80f7c338657a231c819f2d8cc6462722881f626ca665
rexx370	4b5c5707e2ab	build/TISTSO.iebcopy	043daebddd54951c8800f28c4517d77e132c750edb14d7c5f3ead96d5700d487
rexx370	4b5c5707e2ab	build/TLDTSO.iebcopy	63d7fbbbd962253351acd806725bbbe0b2bc3362d70e7ece79031f89601b24bf
rexx370	4b5c5707e2ab	build/TLNKTERM.iebcopy	e032bca8b8be7c02481d99dd825be771e4d49fa5b4fd276406e99f88a2cfd4cd
rexx370	4b5c5707e2ab	build/TNOMEM.iebcopy	4022da33f5bf980d1202601775ef6452bef5b348d40e3165b90aea45e8f6ccfb
rexx370	4b5c5707e2ab	build/TREXXVL.iebcopy	db19cd8e78118d021ac3fba06722e9401c516c80a695428cec1490a83f461498
rexx370	4b5c5707e2ab	build/TSTADDR.iebcopy	d11b3c70edb69d5d2ebeae39ac3fcb8fc9ceea58e448b319026d2aca7e549e5a
rexx370	4b5c5707e2ab	build/TSTANCH.iebcopy	88c64367d64687bdfc9029996bc7aac496f181c4977fea804f6613cb344e8681
rexx370	4b5c5707e2ab	build/TSTANRM.iebcopy	c6e6b6de01132870256bd5aed68fbc908d36be52ab4b9b4ecd8888347d5b50b1
rexx370	4b5c5707e2ab	build/TSTANSL.iebcopy	7195abb4db1493490a5fc816e1c882254512c71e82dde6af2d89e8ee254fdfaf
rexx370	4b5c5707e2ab	build/TSTAREXT.iebcopy	322ce48f604dbe26fe9dab57045ac0d7c02f0d8b2a933b3e48730f46e50be4d2
rexx370	4b5c5707e2ab	build/TSTARIT.iebcopy	77380d7d513a81595d7cff6cbc7e5e55098018076ec52e4665b0861659142816
rexx370	4b5c5707e2ab	build/TSTBARG.iebcopy	c16a86d338344e3620c7220f2dd4c2e1644a2f796de2b73914557746ccacf701
rexx370	4b5c5707e2ab	build/TSTBCAL.iebcopy	ea0bd3ecb8b042f2cc2b6b6c1fa22bf6420312930377cb4db4e997cc4c916f93
rexx370	4b5c5707e2ab	build/TSTBCAP.iebcopy	5452d6a773954afb63e34070243f4648aae76e1aeee59509025487153fdd1c58
rexx370	4b5c5707e2ab	build/TSTBCAT.iebcopy	d9feb7920b78ea50f48bd98a25f3057c36b7bd5b249abe1dca8dabae5a498392
rexx370	4b5c5707e2ab	build/TSTBCCMP.iebcopy	49cac9cb13ccf74c6ddd6be682bac7e5dab200e9d6f4d972276ff6c2b2e63136
rexx370	4b5c5707e2ab	build/TSTBCEXE.iebcopy	2525b8193929e5e6555ee3f5038fa58312a3d106df620d57f40b866948aa60ac
rexx370	4b5c5707e2ab	build/TSTBCLM.iebcopy	2e8208d0661318efead5414581ad0b2eb5d9f2a1e93fb6eca6e7ceb06459f2a6
rexx370	4b5c5707e2ab	build/TSTBCLN.iebcopy	7a4d61688a5f08e184b8073def0f7e35bfe22b487510231d028621721a99d3a8
rexx370	4b5c5707e2ab	build/TSTBCMP.iebcopy	f94e095ad95c4a00a1ef202a2ea2fe5e232ce3ac026ef48cb59fcd88d56ab7a1
rexx370	4b5c5707e2ab	build/TSTBCNUM.iebcopy	71f77124c45fd1da2a626cfe4435ee46cd2b66f42e9d1beb478ccc159d701e5d
rexx370	4b5c5707e2ab	build/TSTBCOM.iebcopy	fa49475b42e595baa445d276543ee3c7aa4f0193ecf24ff9234e13354b7e3f81
rexx370	4b5c5707e2ab	build/TSTBCONT.iebcopy	094ac0450ea7895cfc13733d9579cc7b4efb75c16a4443cd54e9601306bedad8
rexx370	4b5c5707e2ab	build/TSTBCRXC.iebcopy	4a4171970874b898af856d454b7d3dc846c8f5e6ca3eb988586d13ba1fd5b1be
rexx370	4b5c5707e2ab	build/TSTBCTL.iebcopy	d3bb64c9ccd22bf9cb028e6b0b7016189bde79ef8bb96fb56fffc8a0fb3cf8ba
rexx370	4b5c5707e2ab	build/TSTBCXPR.iebcopy	c494166a184af4c8ef41e3ea028e109ee145f41fd57088aa4071b71b86eb7e97
rexx370	4b5c5707e2ab	build/TSTBDQ.iebcopy	92d881d10b8a7db3fa217f5aa24a0155dfe41e540ce9d8d56c352c29562ae0a7
rexx370	4b5c5707e2ab	build/TSTBERR.iebcopy	bec22875786416409889923fc9af3b9f6a1bc0aacfbce925a5e55592ec7d47fa
rexx370	4b5c5707e2ab	build/TSTBIF.iebcopy	bb85bae4ccc2899cdc7a04392c93459aff3bb751f183ce86530417f828c15137
rexx370	4b5c5707e2ab	build/TSTBIFS.iebcopy	e21b2c48553bd34eb459d21ea162b3cd38602d458ec61570b9a170a90560d0be
rexx370	4b5c5707e2ab	build/TSTBPRO.iebcopy	b77ea9b4bb5370f4c861033ad9919889bd019aeb3f2687930b11286ebb3392d0
rexx370	4b5c5707e2ab	build/TSTBPSE.iebcopy	d87eb63accdee2333f577c6b0a7b27e32691ea60deb8f611480480791ddf9c89
rexx370	4b5c5707e2ab	build/TSTBSEM.iebcopy	852a98ec82b441fbc0d5cf8651995ca1a042efc45a9ecb17cd80d905edf612c2
rexx370	4b5c5707e2ab	build/TSTBSIG.iebcopy	2be8cf100a802ce87f646ea5177d4d3576545f6d06cff30c5e27a25c5bc7c736
rexx370	4b5c5707e2ab	build/TSTBTRA.iebcopy	cfb63860943cd382487157fc8b241897993ec77a8b1ebae323db7bb0421badf7
rexx370	4b5c5707e2ab	build/TSTBTRP.iebcopy	7e2741c5e25bf28e2f45b567217b0e9b43f2b9980f7de6810f46c49085bd8d94
rexx370	4b5c5707e2ab	build/TSTCTRL.iebcopy	bdd34f7d257065fee41bc43dae044ff026ee21b1126a88b253a65f5e9f5d510c
rexx370	4b5c5707e2ab	build/TSTEXEC.iebcopy	2f4bc0f7786c34f94fdc81091413c054d99d6de216fc4ffaa222826f4e494475
rexx370	4b5c5707e2ab	build/TSTFIND.iebcopy	55a19fa8584c69b4becc609d7caaea342fad57ecf66e002922d6e04b9912709e
rexx370	4b5c5707e2ab	build/TSTFLIP.iebcopy	220bafb5398a0b3660efb4c5bbd291cd417205452eebbe7f03f3a161096686dd
rexx370	4b5c5707e2ab	build/TSTHELO.iebcopy	34a1728f45a82671f530d208189061b5fdb65be21303c09935349574038f5303
rexx370	4b5c5707e2ab	build/TSTINIT.iebcopy	e570e932aafaac7cb76f7d027d9320d47569de4638b947dc9bfdfdca0eb18222
rexx370	4b5c5707e2ab	build/TSTIOTSO.iebcopy	aab549520789907dc30509498bcf7ad38f4eac76e8e524d4640383f7dab87b57
rexx370	4b5c5707e2ab	build/TSTJCL.iebcopy	6c963f310f978edb696bba4f324e268b3a39b8ace552b1e1d7aa02078f0a6a34
rexx370	4b5c5707e2ab	build/TSTLDTSO.iebcopy	c4ad41debedee61852f93f9a8412264f249bbdf9a0cd855b9759b933628ff66e
rexx370	4b5c5707e2ab	build/TSTLOAD.iebcopy	6af6c8cf3008c96d485dcb3f8faaf3259d3ffcfe1a40e2347da6064e5855a62a
rexx370	4b5c5707e2ab	build/TSTLSTR.iebcopy	5d34e46ff650a57a19e05fb527e70704398bd9004e4b558093f11779cc16a88e
rexx370	4b5c5707e2ab	build/TSTPARSE.iebcopy	0e63806859c30ef92a3c057522800f031ae5cd2ae2dbf5bf2860b9d69de41618
rexx370	4b5c5707e2ab	build/TSTPHAS1.iebcopy	3b21594befad0af028a7fbdb79b8ebf5a930588db791cd119691ab1cdc0ac376
rexx370	4b5c5707e2ab	build/TSTPOOL.iebcopy	a1ce0d43bf6c8c06dfe4b8a9b4d60edcea0cfda2d3ff86540139c54f6fad208d
rexx370	4b5c5707e2ab	build/TSTPROC.iebcopy	b9fe1354b505662afea6b851ddc42c09791c50edd74efa088442db91ca1c62db
rexx370	4b5c5707e2ab	build/TSTPRSR.iebcopy	35a90bc9b89005c8080324255378cd918ec4caea2b4789951a587b4030b129e0
rexx370	4b5c5707e2ab	build/TSTRXCPS.iebcopy	5f0cf11dfb7a35dae40d632598301d56997797b6cd858426dadf3df98d424bab
rexx370	4b5c5707e2ab	build/TSTSAY.iebcopy	ec4bb8c61c7cf5797c363715abe8fe5a5d051ee75b1b4113d360e02adcf8c362
rexx370	4b5c5707e2ab	build/TSTSPEC.iebcopy	183bf81a4a396f961ac71d632e3e8c4c7e920f1ef075dd9a73f38781d56a9885
rexx370	4b5c5707e2ab	build/TSTSTK.iebcopy	e2c9b7ae46b174ca92513176d15eb00f66783987c9ee5da0cbba84ea84a1b6de
rexx370	4b5c5707e2ab	build/TSTTERM.iebcopy	55650698a3373cbd65e0b466b5c5de70dfb412a5dd1139d369cf170423ab2641
rexx370	4b5c5707e2ab	build/TSTTIM.iebcopy	984e40f4f7820939fa2ddb98db92b6c3ec8e0d90b312b0d1fe9c51f1896aef4b
rexx370	4b5c5707e2ab	build/TSTTOKN.iebcopy	9f52029d231d74c9c0737296af51dca5050c6e064925d3168f134bf446125aa2
rexx370	4b5c5707e2ab	build/TSTTRACE.iebcopy	c57de142d4812b07aca8c19cd61ded19ae0a3e2d120ab506992d3689f33f8a7a
rexx370	4b5c5707e2ab	build/TSTVPOL.iebcopy	f505971d94c9ad534f78d1f6a8ef846b8ee501a9eb5275d4bea9b70ac74f92d4
rexx370	4b5c5707e2ab	build/TTERMVL.iebcopy	f20e812fabd2a2516c38dcab4ab3d2ff38195cc66120ea3bf6537d71791f31fd
rexx370	4b5c5707e2ab	build/irx#anch.o	b2aa1e6e9786df968289aee0788cb3fa9e34ee1e8b5bc46d2f1f974517571666
rexx370	4b5c5707e2ab	build/irx#arith.o	7921f943f895bd6cae42e4d479b40e2d01016a86d779f6681fac46ddf34713b8
rexx370	4b5c5707e2ab	build/irx#bcom.o	c712d74ab25f82b95e7b42221342ec4478ba8b44ca097cf43edeee39d1a8b7d5
rexx370	4b5c5707e2ab	build/irx#bctl.o	0204682429bb4f5a2c4deb70705925172c5e98ac16646ca1b66358bf4179524d
rexx370	4b5c5707e2ab	build/irx#bif.o	9118d3bbce636b0fe309031835bc839a106203e012f919d92a04a3c381eea059
rexx370	4b5c5707e2ab	build/irx#bifs.o	903d5f442a20b3e635a8fd22acc80312cf07b29ef21f51274fc681a4e978cbea
rexx370	4b5c5707e2ab	build/irx#bvm.o	7f46b72319684d61bf0ba9519e4a406312158c79f8b0f16fcdf9271a049acee0
rexx370	4b5c5707e2ab	build/irx#cond.o	09084fca4275293a6df2f6f43fa100594bda8a0a2bec1141eb796b41d195e729
rexx370	4b5c5707e2ab	build/irx#ctrl.o	391bb12455aaf9107cabba946bc5a1b44823db79b905b3898e08a232ad23f799
rexx370	4b5c5707e2ab	build/irx#emsg.o	22b85a2dd7d5933dbfa391520acdd3b16f6e796ac6db991d01638bed6f403fc5
rexx370	4b5c5707e2ab	build/irx#envt.o	4c70594bc068b5bbbfa25b4061211ff4d4847e777f2c1497870fcd5496373b34
rexx370	4b5c5707e2ab	build/irx#exec.o	a720002cc77bfb51b9942bae257bc63a7361c2149641449c0258ab538b180014
rexx370	4b5c5707e2ab	build/irx#helo.o	a411c89483c152d5a350823d2d10f5f9f6a00cf75f4c54722442b6b461dbe59c
rexx370	4b5c5707e2ab	build/irx#init.o	a3256aa1f981d7c10c44c5e53450a62b7f510e47970eb68a169e25a06e923bde
rexx370	4b5c5707e2ab	build/irx#io.o	873a0e1f85cf9c52e9e3ff084dc1afa21d32fc88a355323ebe4d2950eb379953
rexx370	4b5c5707e2ab	build/irx#jcl.o	2fe11832e202ba314b16216f3be0d9f917ff0f682b95795196f73157b30975b6
rexx370	4b5c5707e2ab	build/irx#jclm.o	89994a5cda3deb4897bcca74e81431dc449713d06e9acfb473c0d407e9faf09c
rexx370	4b5c5707e2ab	build/irx#ldbp.o	52a7019a77139af0418823509cd49d0e49165545673b4c0b8422873f2436ce6d
rexx370	4b5c5707e2ab	build/irx#ldqs.o	843e2cc6865796d7a40e7af2787f6779246881415ce634893f23014f9df613e6
rexx370	4b5c5707e2ab	build/irx#load.o	70fdb7a762aa7dc49b1313c2f37d75058a753ef30835ceb0dead030d96fa1617
rexx370	4b5c5707e2ab	build/irx#lstr.o	6e9e8f7e31ad858e6dbb5c37352ed934cb99777cc449e04e514d6389ef9d3efe
rexx370	4b5c5707e2ab	build/irx#msid.o	b4a59126908a41dcfd32963d2b819323fa1f1b0f29793fa80ad20e7e743da574
rexx370	4b5c5707e2ab	build/irx#pars.o	b2f0c983ddc6380c5a2d229d4d9cffa6144dc79c737ac6b7823f64bf206b526c
rexx370	4b5c5707e2ab	build/irx#stor.o	94e3fbe5f9eff42b351745df95cc6152afd919ba672fab3926cf0f2a278d4f7a
rexx370	4b5c5707e2ab	build/irx#svc.o	69e4a7eb53f24899285b6f17b65e16f050dd3fe2c3b3ffa27e2708cd8ef46f48
rexx370	4b5c5707e2ab	build/irx#term.o	694c50d026076b2e216fdd89ef47f6e452f46ba498c070d2f28c34b112c2a1d6
rexx370	4b5c5707e2ab	build/irx#tokn.o	c7f4ac85363580211d1c7ded276727fd1daa34cebe71cac3a44e2b1e5b67a7e0
rexx370	4b5c5707e2ab	build/irx#tsio.o	2f66500eb311aa0d88fe8783a11dbeb8f1b59093af7e7e613d7d58a98990b623
rexx370	4b5c5707e2ab	build/irx#uid.o	7da00b7eba24fa964d4726a8aa11af699303f7b4a0a6663dcf9cf6441767951c
rexx370	4b5c5707e2ab	build/irx#vpol.o	0c65a82f1b13750691a6bd8c7326a3da8b709c5ee63ed02ed7950c850fe1feea
rexx370	4b5c5707e2ab	build/irxanchr.o	e202f1de91f05c4601819e18469a31cee58330479a04df26db61ff83ac2fc45c
rexx370	4b5c5707e2ab	build/irxbpam.o	ce24574cc83f54fe1aef9a5f90996ba71c1cc13441b7b3787f84be1172d460ae
rexx370	4b5c5707e2ab	build/irxdbg.o	825c9ef7788565adc1e6f0ab212aaf79ba6c05db152a0b2245e2e175011d56f2
rexx370	4b5c5707e2ab	build/irxexec.o	9c37afc321a55bffb034eb124085164da59af2e350afaff59fdcf9938db8724e
rexx370	4b5c5707e2ab	build/irxinit.o	195806c583043933dd33c5e95767f48db88fc359fa28c0b2533a1a03b57ddc8b
rexx370	4b5c5707e2ab	build/irxisprm.o	711aa165d60765d998242c1d948bb9d3f5fafd5e450151cfbae46a06c1dd9996
rexx370	4b5c5707e2ab	build/irxjcl.o	3908732f752c8ce57e6b4b26c3bb122ee6847b46bff17ea30b5bf34bc002ebce
rexx370	4b5c5707e2ab	build/irxload.o	2887ac4c907a087f68dea1911fd4d37800ac9dcef8da88f3215cd7984f8f36ef
rexx370	4b5c5707e2ab	build/irxparms.o	d800d7471b3ce939ae9db762e0917ca50921ae6074429696c38e60dfc799c305
rexx370	4b5c5707e2ab	build/irxqsam.o	4189520f7450dc6c9c68025da2943aa0b221e2c7cc4ac7ad2bf62253f78ed79c
rexx370	4b5c5707e2ab	build/irxterm.o	334245454aa48372c739e6ba5139771b3e31d40ad4913397449e854a83049d0d
rexx370	4b5c5707e2ab	build/irxtsprm.o	9cc6361738fb236a180ca9c88e13dbd2f23eccbe344f8acb90801c360e532686
rexx370	4b5c5707e2ab	build/istso.o	1ea2c7a69dc4ee41b9e07b1ae4b18422841eb341ab42598e9c547e87dc965bcf
rexx370	4b5c5707e2ab	build/putlin.o	757fefc91925092520639139ec1802573420bb9a3ef5c9d3d0647f8d6387becb
rexx370	4b5c5707e2ab	build/texecvl.o	8ed101f042f9feb14c2a0a6ad9708bcafbb231ca8a19b45ef43520f06150cc92
rexx370	4b5c5707e2ab	build/tinitvl.o	3a326c2088399bac2e2063ee0f93096ac88ba1c6dcbf5317e23afc9080bc85c7
rexx370	4b5c5707e2ab	build/tistso.o	44881dc4703e9b125775faa3f1a08e12cc685a6ef6692f98848695b6414cc96d
rexx370	4b5c5707e2ab	build/tldtso.o	5b8219dccad3e731aaf09ec0ef5e538b5c774d035200934796b65bc82a8df393
rexx370	4b5c5707e2ab	build/tlnkterm.o	08d0c4e86ad04129c134ac81eaedb74567bf69e9d164278e8ae88bed8b3736ed
rexx370	4b5c5707e2ab	build/tnomem.o	fb02f42526442fca2f141028334db5bb5f377c925461ac4d83fb6e06b262b582
rexx370	4b5c5707e2ab	build/trexxvl.o	4fdde49326cfb8ba519b31b892624b593214545ac23d30c6f25d3d2186a3c197
rexx370	4b5c5707e2ab	build/trxcall.o	ba07997613239d1ce0186188a96dc4cae54ed03131860299be1af4606ba693d3
rexx370	4b5c5707e2ab	build/trxldc.o	5459e73cfd806178279fc54a7bd42b78bf568339e0373e215db80db02bba8507
rexx370	4b5c5707e2ab	build/tstaddr.o	ce96c73517c65a84f33fb1ab88fea6ed8688fd112102423caf798ecc52bf27b9
rexx370	4b5c5707e2ab	build/tstanch.o	ba242ac349ad38ca40bcaf08ca92406ae06f5c713153be2c88d8e982a9061379
rexx370	4b5c5707e2ab	build/tstanrm.o	1a705865bd1c9c9f3ca9d7b17a84ac1324053feb7786dd801608539bbc9498dd
rexx370	4b5c5707e2ab	build/tstansl.o	6738cdeef5182032922ed401a2a02a8e6c5cf7bbf242a3ab0d8d506a3774e866
rexx370	4b5c5707e2ab	build/tstarext.o	c72367101687fecf0bce426a06416eb653009cae4fa061aa72b637ffea4bc646
rexx370	4b5c5707e2ab	build/tstarit.o	b007bc8a73d3e112fb0cd9fde09a6e2d2e442df131979c8bc7ad6eb9d9c56da6
rexx370	4b5c5707e2ab	build/tstbarg.o	566a7c85759d42d64c4c8798251748da557fc7e4fc752c3a9a444d5ca45b9d81
rexx370	4b5c5707e2ab	build/tstbcal.o	4d43c5bcbf41fe1ba3d3b621afb174032f1e5e81e1b3070c25ea4cdf2424fff0
rexx370	4b5c5707e2ab	build/tstbcap.o	c96117808bc720e7a17d51ccedb788c5b2f1cdbd10c1937170f6c6ec0a4f8885
rexx370	4b5c5707e2ab	build/tstbcat.o	af2093057507ff408888912f87fe3c121ac20f54d64f261ce9b96717eb5b2cee
rexx370	4b5c5707e2ab	build/tstbccmp.o	12d9fb519dbaf4ff1f0b6f4e3eb70c6346c585687cab0581ae0a05db2fb56491
rexx370	4b5c5707e2ab	build/tstbcexe.o	4e35b500a17db626342751c70ba81a6ba39e5e00b96e79dca86f9efabc80dac9
rexx370	4b5c5707e2ab	build/tstbclm.o	1e225e9ee8b7ac86478691b6e3ae48751a213d3b4aa4eff2a2f100875d1c2867
rexx370	4b5c5707e2ab	build/tstbcln.o	91840f776abdd66b9d2e2235048da65858487bb4b0af43f8b1c2f1f1c024f37c
rexx370	4b5c5707e2ab	build/tstbcmp.o	8215fdd3598502cd12ce6c40cef3e291c080e790cb5614784df09d93e0f4691c
rexx370	4b5c5707e2ab	build/tstbcnum.o	741c8140e1eaa481f5599ce795a7af9f9ef181528d63f6403c6ba3d9cf3daad5
rexx370	4b5c5707e2ab	build/tstbcom.o	71bd4de4f6e85e2e4d082a823ad94ac8a7aa7cb5511195e2c3e9f7ec06a96c1e
rexx370	4b5c5707e2ab	build/tstbcont.o	81591d0bf56d28abdddcee3ab137d7819dacc6c8a6f8762b54cb5b84558d2d9b
rexx370	4b5c5707e2ab	build/tstbcrxc.o	655d48462289b5c3bdad6b3138e39ab1d092952563870edd531e572cd1228ae9
rexx370	4b5c5707e2ab	build/tstbctl.o	ba4a404b83dd7c7d8ca5d09cbc1e83d16c3bb37b03425a56cf87bd0bcfe14432
rexx370	4b5c5707e2ab	build/tstbcxpr.o	870bd9aee32cdc327426b418b2d4ed49c08428ceb3887967b659b7a859703b05
rexx370	4b5c5707e2ab	build/tstbdq.o	2ca7d51110e0749b42eefedbba998beb9dd390a906af52101a9bcdbe513a645a
rexx370	4b5c5707e2ab	build/tstberr.o	387e247a002cc18ee4e5b8312ab122b43605513befdd0f900542eff0849c64d1
rexx370	4b5c5707e2ab	build/tstbif.o	c32edf2eb9df7e5d5b256538ed355fb664df8b453672cd683fb9aa1f293115fb
rexx370	4b5c5707e2ab	build/tstbifs.o	c310df4024c0423213984e2f273ea9d3acfa0b7b5ed3f10618f98fa647a4c952
rexx370	4b5c5707e2ab	build/tstbpro.o	e31f313aa76b61646057ef93877144c11580e204effc87aa629a6dce2ff853f4
rexx370	4b5c5707e2ab	build/tstbpse.o	1aed7c175c8d9da39462ea6eab531108e31bada4c9c9e2d89b4cac22f326005c
rexx370	4b5c5707e2ab	build/tstbsem.o	e3bd763755b4c4128183a6b7d2260407a676929ac82fd507a5e4e79c9368946d
rexx370	4b5c5707e2ab	build/tstbsig.o	d1bae5a9c99d3b203d534a4e3d0925a836656439304dea0c280d1ea394c0b993
rexx370	4b5c5707e2ab	build/tstbtra.o	405925ddb67b97139ff2eb720ea363bfa23c9d6e4dfd55a8799953edbf2b2f38
rexx370	4b5c5707e2ab	build/tstbtrp.o	ea8e23a506a0c5d36b6b4505098f78cf887c8a6dbe072f16677778b865084ef4
rexx370	4b5c5707e2ab	build/tstctrl.o	127c8bcc4304a9c9629af6523715fa73725de200ffe76852a67356540a8ee639
rexx370	4b5c5707e2ab	build/tstexec.o	28ab36ccf2608c2a89e4c85db5d49978bd83f92250eee681dd14d816ad582446
rexx370	4b5c5707e2ab	build/tstfind.o	a4c09136431ff5af3f226cb0de28bdf041cfc0ca8e64fb5b91d0174774d6b806
rexx370	4b5c5707e2ab	build/tstflip.o	b97bdde3c03626aa8ea5dd0dac85c3f54ccae7719ff006c0272ccb86959963c0
rexx370	4b5c5707e2ab	build/tsthelo.o	b56179383cd6cc4ad4990abfc830075b1b57fb5b6d5f008074eeb53c874a455b
rexx370	4b5c5707e2ab	build/tstinit.o	1789e35d70d4d62fd6886b82583910334e85b82e2bc29e4f5dfdf4630319030f
rexx370	4b5c5707e2ab	build/tstiotso.o	188132a1a5ca86cf508c96d2ab7a4d3495c78453709edd8a0eb3c860ea810d27
rexx370	4b5c5707e2ab	build/tstjcl.o	e722e6aaf32132cb8a3385356c970bf73bb83b5cf460949617514aea5461739e
rexx370	4b5c5707e2ab	build/tstldtso.o	10c73be4d8927383c1513fc569a7029c0ee98e126ace0969521c009f4d84af77
rexx370	4b5c5707e2ab	build/tstload.o	efb93da771ca0e529cc6e3335712e9c8a47360c5279eb2ea716c3f33b59a2207
rexx370	4b5c5707e2ab	build/tstlstr.o	4eaa06279d295b5a64203367c85adeca84f8b2ba251e0b37adc55c4b31a15205
rexx370	4b5c5707e2ab	build/tstparse.o	9d23958fd5b4c8780ef550c85848da15bd16ada3319b3353e2a1326289220f3b
rexx370	4b5c5707e2ab	build/tstphas1.o	38ff9b48a1afd55f19167753d9c21ab002e5fbf6236738276ed6610908fa06fe
rexx370	4b5c5707e2ab	build/tstpool.o	2941e39e4a9b28f35190dbcdd082f989cc69e120c5c49176a2bd5b62f55e0b3c
rexx370	4b5c5707e2ab	build/tstproc.o	7a31b8b6dae4f4bb09556266351f248f813400454dd602fd691418171cfea16c
rexx370	4b5c5707e2ab	build/tstprsr.o	bde597138083259377c7614f3adaa83f39935c3a731cd0b7359ba5ac3555c7de
rexx370	4b5c5707e2ab	build/tstrxcps.o	4345308835e96e33f4bf68a2946a9b7d38fefd63630cb329a307d5e80854490e
rexx370	4b5c5707e2ab	build/tstsay.o	88e6915585191725ad28ee3b425019d979c9f90ead8ac17ce15f7df726515bd0
rexx370	4b5c5707e2ab	build/tstspec.o	c5a2d74e783a2ba3ade43b3e7744fe8d79ab3fa1f72151525a4d09e95464304e
rexx370	4b5c5707e2ab	build/tststk.o	05eb391ccf248d6877bcdd2c777d997c796cd0f174e829e0fbd0bf5187d6bd75
rexx370	4b5c5707e2ab	build/tstterm.o	60e0b436205137504f192ad5d69f22802788a2a639e7f1c60831094e9cfd471e
rexx370	4b5c5707e2ab	build/tsttim.o	b353075fd9ce027a218c7f259d9dd8b7f1d62cd6796226d5273f865490f2f986
rexx370	4b5c5707e2ab	build/tsttokn.o	34668e26df04d8bfa86faf1efbc9370eb32a317a403e0e6f4a58e6e4a2d3eecd
rexx370	4b5c5707e2ab	build/tsttrace.o	f8e524a73e0af7ae7c1f6d719c326c3a5d3ed335e66469bb69a44d87553ef701
rexx370	4b5c5707e2ab	build/tstvpol.o	df38a4544f7a555f4633ff961b11285c7264c8ce187559000aff69881a171dfa
rexx370	4b5c5707e2ab	build/ttermvl.o	8816e08b4c208a600a5db18ac23c3744c3278f7b908e2b130bcd9b69cf6c3e84
rexx370	4b5c5707e2ab	dist/rexx370-1.0.0-dev-load.xmit	6bc1c690e88d1f448e0de70ceeb7b424fcbf6e0f0a4833231e7d11801ed17e7f
brexx370	51808b9cf687	build/BREXX.iebcopy	abee364f8ed17992ae00056a472a974265ae3eb33c4a79c53d1f12037b2a3afd
brexx370	51808b9cf687	build/IRXISTAT.iebcopy	624f2f8c75e57da7ed032d3d69ca12e3b7ea7396d2157461bf0855c61f3b120c
brexx370	51808b9cf687	build/IRXVSMIO.iebcopy	7cf1f0643d457b32482ebf4cc6cccc65d29f99209c981061cd0af251d2646dc0
brexx370	51808b9cf687	build/IRXVSMTR.iebcopy	1dda1306310721dbc880e452b1fb78546131d81235638ac01e47bb0c0484e8ef
brexx370	51808b9cf687	build/IRXVTOC.iebcopy	2ab93935909e5cc1bc1aaa50c288af612d08b2a0a4ef6088dac510a8b490aa8f
brexx370	51808b9cf687	build/MVSDUMP.iebcopy	548723214bce308e214c5960a5b90172f996f1ff6c57aec7481df785fdc163e2
brexx370	51808b9cf687	build/TSTABND.iebcopy	229ca5bff9b25a97cb558eafa162b99afb66c9a4f0de0672d9306aeb5e2f7476
brexx370	51808b9cf687	build/TSTLINK.iebcopy	f1bf2e91397299cbb7edbb643e1235fc8da0bbfff5fc65366baa77d1feec463f
brexx370	51808b9cf687	build/abbrev.o	dc9e0453e6a1f9ba79be94d14af0fd17f0dc7a39cd8f4d35fd13d536d961c3cd
brexx370	51808b9cf687	build/abs.o	de8b52c06f753dbc0bfd053194c3ab31a7eae7f5d193c9817edca52d4380ea71
brexx370	51808b9cf687	build/add.o	bac7d0686950418ac7f244fb310c7058aabbda30226327659ec2d749e449b809
brexx370	51808b9cf687	build/address.o	5823902ab081e95251877cbb1b79d8ca85731b92f4d2de8f866086a2e13314fa
brexx370	51808b9cf687	build/addrlink.o	03b3898335237d610a7e4520571d39c52d0bada96f4d52956cefd102534752cc
brexx370	51808b9cf687	build/b2x.o	52443e07966a02806c9b7365d1ddd7e96c92f4ba984138c572fd30f20b285a94
brexx370	51808b9cf687	build/bintree.o	ff3309c104fa249542d2cf518c91ad95d841e4a69df0f8c5038bda8bee3a8ff7
brexx370	51808b9cf687	build/bitand.o	17ef1843dd188d4a7ac80b70ee7519a6e6703be5428ee734101a0ea286362edc
brexx370	51808b9cf687	build/bitor.o	3330d3ce6ef852de3b33f0a94de3c45671717e29b572994c5dd952ffbcdb8823
brexx370	51808b9cf687	build/bitxor.o	83cad70e611332cb7c3a6ca74db7d4b51f120ba3193b409ff4e4a5154c40aef6
brexx370	51808b9cf687	build/bmem.o	924e6bbbc6b6f72474752b75c0a6915b1292c928f449a36c11d9d2085002eb29
brexx370	51808b9cf687	build/bool.o	2f3cf1ab99c4be3bb275f6ad529ded58cbab4dae546a2e4142814481b72bf39a
brexx370	51808b9cf687	build/brexx.o	d16da1152fcab759b47fc585103f0f29a6ec41e66e86dc066d1c4ea50fcb7aef
brexx370	51808b9cf687	build/builtin.o	209f3d5e8207daf4f41d2b49df1d47658700b087b40368c20dea8279389026d8
brexx370	51808b9cf687	build/c2d.o	7728267c379b5d2883dbf459596c8ce813e28ba812c2d66c6896db80756ba9cf
brexx370	51808b9cf687	build/c2x.o	e1d90d15ad182630f8371d9663fc19d2a8cdf9098d8b4103e853b1b2a9fc0e30
brexx370	51808b9cf687	build/center.o	5399f5935be295163807397215bea09a41be602bdeac62f731182dc3290a225c
brexx370	51808b9cf687	build/changest.o	6f6d0f0932c2e961711fea3b795a841e7a58a66d9ae28277390cdedac79bd606
brexx370	51808b9cf687	build/charin.o	01966d71d9388e409699ef61e21ddadaadea83e99ba9507eda5bb9032b3b4d08
brexx370	51808b9cf687	build/charout.o	1061f93f9af4569adbbd4c94df266f6bf273766cfc01b32de60fb7abcd5d03c5
brexx370	51808b9cf687	build/chars.o	f1944990f44e6d7721292c62827543b7a226e572bfefd7f8eab44f97ed6fe1d1
brexx370	51808b9cf687	build/compare.o	b650f5996eee41569693deb6edcaaf289450c19481d846b4b5bda607ccf5b08b
brexx370	51808b9cf687	build/compile.o	447e928e1b29330dede53fa3a5c67d728e72aacd7a90157069e4c4af21dbcc32
brexx370	51808b9cf687	build/copies.o	406c8c0447e19d54173af38f4a51a3cadeaf203b6f007b0bd6ced2311ed673a7
brexx370	51808b9cf687	build/countstr.o	7dc7759a489d0faaa0dbc5b989c526c19e6042ab6f9e8a6fd60ea4629b86166c
brexx370	51808b9cf687	build/d2c.o	fcf93e67255bc3e01b5888d247003a3045a9212fed65da41f34f3ea8fc314fe4
brexx370	51808b9cf687	build/d2p.o	e331ab319c4fb9cb0d281ebcc214d358ad4a58b0c7136a14894f31e25be19b5c
brexx370	51808b9cf687	build/d2x.o	5918ec7a5500aa12559f984d3d54d96050cbd50e683181b309eba2678a01ffa9
brexx370	51808b9cf687	build/datatype.o	b0c9de325280f2d6210c8d0c2a5c27710ab8c1ea0222a0b5d89332efa4cef59e
brexx370	51808b9cf687	build/date.o	85b6b0a5910eb12179aed1f5d724eac6cb9137a2e7c6832b803a2980a928fe88
brexx370	51808b9cf687	build/dec.o	a68055dc1161442dc5692965c74e1c4f9ae7d4d215a4e83d244dd229d84a11b9
brexx370	51808b9cf687	build/delstr.o	dd0072c2821538b57596d588ea6b7e7f67f601d9e0f97067e420f45157bef521
brexx370	51808b9cf687	build/delword.o	42f818c62ae28cacac0be19e414ec684b18371f54ad1c85b91782737805a08d6
brexx370	51808b9cf687	build/div.o	04b2c9888a023bc646407e6bca2786ba14e2208b2b7d38f3762c80a6e15f24a3
brexx370	51808b9cf687	build/dqueue.o	28c266c36b279cee218ed5adf24af745b6d24b8069c980c8165f42ebc16cdb5d
brexx370	51808b9cf687	build/dsio.o	d3797178aa51b8706262dc1a68f4c4d7255705e9a5e0f1548178ae259040ea84
brexx370	51808b9cf687	build/dynit.o	01881fbc7467dbecc4b8de5f7364a443844f63f2050c61dffdf03ad5b5f1700b
brexx370	51808b9cf687	build/equal.o	c7f16030543bda32952ce3805e17c47e4571a397ddcd7f3aaf0be50e32641b73
brexx370	51808b9cf687	build/error.o	2050dacebe9ec8fa13a1b5235c9da14d8138a8fb5154ec9b6e2e15044a61f8ae
brexx370	51808b9cf687	build/errortxt.o	f439e10d59df85870ee3fe3a090356ff470dfef74615cba2785cf87fb3417446
brexx370	51808b9cf687	build/expose.o	d1095f7ff7dce1e83393dfc9fd1660862206f02d8a7e716b9fcc4657922c6be6
brexx370	51808b9cf687	build/expr.o	c88c32193982277e75eb58759c533bb46107f0bf66d3a2a03d651d7dacff0acd
brexx370	51808b9cf687	build/external.o	38e6ec0322a508d0893728fffe7e5d07a8b8f11f74fe73be4687fff4c2cbc513
brexx370	51808b9cf687	build/filter.o	bcd964560b364d76bb8596cc20ea394a9bac1ffc800675fccdac5781917e3313
brexx370	51808b9cf687	build/format.o	17030275f49f61067a04ff1a14f6d14427f54f3463964897b981d72f674e93d0
brexx370	51808b9cf687	build/fss.o	0e4704fd4cf84671636f876181a17ef8239512cf8ecb74730a80787b43d0a073
brexx370	51808b9cf687	build/hashing.o	1a9cd1d677e098025246b3d442e2b74176381de6281a120d7c56f9dec36bc3a5
brexx370	51808b9cf687	build/hashmap.o	5875759be1cbcc610b5c0fba35c70fcbb20f827de783fb5c493464ea0827be43
brexx370	51808b9cf687	build/hashvalu.o	2d1cb10dc5c04d47a7bdebd328038c2e647bc460630487986fcd4fffc1e0e843
brexx370	51808b9cf687	build/hostenv.o	f91c63132c0512cffb516fed750edab1dba8e934269b0162a949ee93649cdac0
brexx370	51808b9cf687	build/inc.o	5bbfb58a3c6caa361d7f29b411d01f6836b2234807ed2938e26308360e17fcf7
brexx370	51808b9cf687	build/index.o	2abd2924cb8f5f49f795315059103327010100ff20220c3b249e0343ce90d9d9
brexx370	51808b9cf687	build/insert.o	c5ff14238d2c95ca8b30bcfe95a3394880741a3431f6067a8dfbb2a7f70811e8
brexx370	51808b9cf687	build/intdiv.o	1455d847d1b56ab1c53df7ebaad7af89e8f165108eceab417dd011b1070e6adb
brexx370	51808b9cf687	build/interpre.o	74e6710b29916cf03921073bd5ea2c0d683c6f6983632197c646bb163cb01a25
brexx370	51808b9cf687	build/jccompat.o	21d4783e1d1a3aa2511d87917b451bff4cd04becba680347752d3e581d7cceb2
brexx370	51808b9cf687	build/justify.o	aab5b4b6ce1c7525a2fc6e434d3c9a9dcafd8cda66ff0c3e2247e2916bfc6edc
brexx370	51808b9cf687	build/lastpos.o	68bddf97345f9cb8c927a8dcbc9c061e39497a408e200a8ee090989575a7e169
brexx370	51808b9cf687	build/linein.o	808b39060eb3a16aa4516a85f603158e2147293ce884314017f5e41d73e65cae
brexx370	51808b9cf687	build/lineout.o	fb476a7b25c12538a5cc5842934179bbc965da97ede1d44ae023a987cb7145e1
brexx370	51808b9cf687	build/lines.o	f5467074a066a531969a792f0ee0ce7e8ba01622969fca82942691904297a996
brexx370	51808b9cf687	build/list.o	260cdd510d553c6edfa758e0a08d53fb2b119a3b34cd3dca3fbe6a210c1e809e
brexx370	51808b9cf687	build/lmath.o	716bd366faa6bb09a26a742e27aa8b3e384d01de9a41a6af268d88db7e01ddee
brexx370	51808b9cf687	build/lower.o	217d99dcadc37209c1b5c1a3eddc33d9079b728ffc71dbe9138b27e125d98ba9
brexx370	51808b9cf687	build/lstring.o	73e012244ebdbe1baf613c439617cafaf7de628559688956cbfcb0d84ea708b0
brexx370	51808b9cf687	build/mod.o	839986e284af59dd90474aa5170d71da1b050b1a40654006b88e392f915c3e47
brexx370	51808b9cf687	build/mult.o	b350c9004b9e16b57fc2d1d948ac2d79d6dd57fab9df9e379ff8554323440f04
brexx370	51808b9cf687	build/mvsdump.o	8156ede5bb5d4720984ed44fa66fa6d1101919c76af951e758953b927b817141
brexx370	51808b9cf687	build/mvssup.o	372e9751f881fba48bc188db5038f7fe51a1655ae4b12838ffb8991c9af10011
brexx370	51808b9cf687	build/neg.o	af0429f4674304a175984f2e33297a185809542ba4260b9ebc8a820f9e481583
brexx370	51808b9cf687	build/nextsymb.o	491ae36d46f3d930419e3d4f70a82385a6de9eeb0506279ccacbf9be40d6a258
brexx370	51808b9cf687	build/numfmt.o	415b0c4fa2e9295d0cb17553fd29f8ac40d578de3269bb5329fcc7e05c236ff1
brexx370	51808b9cf687	build/overlay.o	0d3b2b17102b0b93bfb57cab82b0dbca01c6fd949afe7ea78e1feba2e8271b67
brexx370	51808b9cf687	build/p2d.o	54c01956c813c7ccaf3121a3f191474b9b5560ea6cb0f942cb33e4b552230aa5
brexx370	51808b9cf687	build/preload.o	73be3379a31d847a690f589abc853608a33b0f09d44d287acd3f3254edbc1083
brexx370	51808b9cf687	build/print.o	8c08f8d9381c5bced1bd9b29573f2e3c3c57463fb7268056642964617f084c25
brexx370	51808b9cf687	build/rac.o	74d4702b568847016b4db6f43c7029a1ea26c13917542dfc8b3a156206f64ef7
brexx370	51808b9cf687	build/re.o	9996c762fb255c4d8bef6d952740cb42a1b4b87e793122caa1b6d04134e526e7
brexx370	51808b9cf687	build/read.o	312264f28792e18fb5e5419ecea99884264f482814383fa9de0cd7b3f2015b65
brexx370	51808b9cf687	build/reverse.o	4c77fa4df39b05d8cb74607957aca91434ff2834906b1e033a922edf6e69877b
brexx370	51808b9cf687	build/rexx.o	c5fab301f145efc46e5b82b1e391ed568ed770e849af5a3ee851f6ff93bde43d
brexx370	51808b9cf687	build/rexxfunc.o	04486da21f80453e38b56620a059ef6408509012e6ae2c27071f762bffb414d1
brexx370	51808b9cf687	build/right.o	fd5dc3ea046b95f68ea86396fcb43074efe80e0997362049ce036166774802d3
brexx370	51808b9cf687	build/round.o	e869b792929c6d5139608f2da53e16449ac16c3211398ea71f1366c3a2731213
brexx370	51808b9cf687	build/rxabend.o	69a3d6adaa29ac9866e8f619b1c84ce289cb037c5dfe9eb3c44514aa2b46f201
brexx370	51808b9cf687	build/rxconv.o	5791cf7bc6ce9ae96b6ff4d1a44834977297fd1f840a6056ac23536aaa9abdbe
brexx370	51808b9cf687	build/rxcpcmd.o	3a648196d6224e2c245ee57f29ddaffa2ff38aa00261659eb1685dec2986a16a
brexx370	51808b9cf687	build/rxcputim.o	2ba57ee4500f1e2775b188fed11894a5d8ffe16c289ca7005aac30ce7143382d
brexx370	51808b9cf687	build/rxestae.o	3a191e7bae0e207ee1fc1624746dab6de0f4e89dd2b45b6291f1f6a408112b4b
brexx370	51808b9cf687	build/rxexecio.o	515cbee0e73de4ce72916ce35480cb731176b879a88bd7c0774c32f8297e5aec
brexx370	51808b9cf687	build/rxfiles.o	2baef86b966854e41bbdab647499710a1ecf5afb82a77ade65373ca0467b9fcf
brexx370	51808b9cf687	build/rxfss.o	f2b0211dce09ed760341532289767f3cb0d3b2b9498247f9f1ba7da94cfece71
brexx370	51808b9cf687	build/rxikj441.o	eb0ea01736ddcdc1158af4cb03e9121d131573337bfeb63bcc3644fa2b26488c
brexx370	51808b9cf687	build/rxinit.o	b2a329df30b86843e11fef17a5b7f0eb20a0a94008bfa46d4b74339f2e1aa69c
brexx370	51808b9cf687	build/rxmath.o	07e30ffa0ea1c9b53390b43ac222c59825afb418f4a3da240dba1bb04d1f763e
brexx370	51808b9cf687	build/rxmvs.o	5f707973ec7e696d82673c7e45f03b98d7a6f48e1cc0b16cfa15d33eb584f586
brexx370	51808b9cf687	build/rxnje.o	389d937bf7fde971c2bfff94747117cb643abe32910880ab376fa4d259d39378
brexx370	51808b9cf687	build/rxpdstat.o	d5fb57e9d9442aa254516fdae1ab6dd7194af90d8f7858698e7e3e17f0e58007
brexx370	51808b9cf687	build/rxrac.o	994a8c131bbc3544679d4e8a25e04a36447649644db3e4c21a5b23bd009c47d4
brexx370	51808b9cf687	build/rxregex.o	42fe8d396505507c268c89deab2160f5dbec744df0e0bbffa5e5dc4505f0e5db
brexx370	51808b9cf687	build/rxstr.o	ae14b61a127564974b1124db77bc9c36144649a218fb7e090690ba8568c86113
brexx370	51808b9cf687	build/rxsvc.o	af2ffe9c3fbce4c9c27917fe2c66d6bb2ab9265ef8186bfa085a87d07c5ef634
brexx370	51808b9cf687	build/rxtcp.o	6a2ba664b68d070d39e96a25c051b640cb5b27a5d5450e091a102f13bd1eebc8
brexx370	51808b9cf687	build/rxterm.o	8720e449fe79a0a185d70eaa47d5e90d6ccd2c5ce11804520227af423a13d1ce
brexx370	51808b9cf687	build/rxtso.o	2059204f58e6da75c8b914cd30ad1b9fe275e5c29202e7643441141ddfabea6d
brexx370	51808b9cf687	build/rxtsoa.o	4dcb02365695b0bc4a1525e3efb75ffc0b080aad53aa50be7e43067e5e8d1fe2
brexx370	51808b9cf687	build/rxvsam.o	ae43932674e6c33090e00cb4ab3e5f8b37d64f6bc04a0e36ed28cc19340d05cc
brexx370	51808b9cf687	build/rxvsamio.o	0bba170258c897ad4ffbe78bab31e31db9b9e9009dd7f1b18212e7c6c8e57ada
brexx370	51808b9cf687	build/rxvsmio1.o	3b98393060f3b080ed080793261397f8a5d662c77b51e4ec9e954f4e5483422a
brexx370	51808b9cf687	build/rxvsmio2.o	1df43635d3b90cf375beddfe437b79d7727b9e66e4db416fccb1301e4755208d
brexx370	51808b9cf687	build/rxword.o	851d410602a6a2559af7d2d3ee33c644f66e8f768f953157923944a8ce9895b2
brexx370	51808b9cf687	build/sign.o	b612291accbd6c5ca24ce71651f17fcd4ded75fe3ef720fe31b8cecb49b8c57e
brexx370	51808b9cf687	build/soundex.o	2b334ef067f11bfe4296801d3ec14c66ddc6a74e55e50b1aef96fea2310c9252
brexx370	51808b9cf687	build/space.o	81922e23d0eb3f7d7264f59b5114fe35b822bd530ce6fd9c3af7579f0fc03e8f
brexx370	51808b9cf687	build/stack.o	070b8b38524cd1c7ea29040aa58a3e12dcc2e39caf50caa8abeafe465c9a5aaf
brexx370	51808b9cf687	build/stderr.o	49a0cf8b56c83b4faacd95e3d3772752cb403019a230e62e848f61f1d867651d
brexx370	51808b9cf687	build/strip.o	2106ce166b07f56653c89fc294899c1947091c3d0a53d628469d6aa2c0a95d92
brexx370	51808b9cf687	build/sub.o	5f377d0b0c796dd3c953f835289cb0ec9d8d90208c99dc0d6d036b96a77703eb
brexx370	51808b9cf687	build/substr.o	724198d8a82ed473fedbfea7456139e3eed604984a88eeff6ec9a801ed97abc4
brexx370	51808b9cf687	build/subword.o	9904d1c25c514cfa21fe6f4746600e175b649fd3831c8c539574e88656b5424b
brexx370	51808b9cf687	build/svc99.o	ba3e49881378235175590adbf915f894f8b0ea1e51e4868b69712a19e07b1ec0
brexx370	51808b9cf687	build/template.o	28d18a0b3f892369ddd785bb70fdee6ff4330434a8a5f54dc6893782f5898f6b
brexx370	51808b9cf687	build/time.o	1d73efb72402165615b0b061aa429204ddc4e1e517c67a3b8836f32f687d6830
brexx370	51808b9cf687	build/trace.o	44bdf3fa00ad936ee904adb7311e07b4c4bf84ad7d31d3fdcabf9a34337a5ce2
brexx370	51808b9cf687	build/translat.o	e1fba1c59b4b2eb97d5813cbb4c665f86c0b280d063f80812404364a4b4266a9
brexx370	51808b9cf687	build/trunc.o	e3683823a7ed793dda1a85e4f3e7c4da30c6cff6f06ba30933b4a0d00e3282b5
brexx370	51808b9cf687	build/tstabnd.o	f5e010d2f6adf682dad0299ea96a93f47929bb26b5f74f4c343d41ce96055819
brexx370	51808b9cf687	build/tstlink.o	a25fb52f55cd1d0e35da60cc4961d757bc9816b7c117acd5ae8f5a236b29222f
brexx370	51808b9cf687	build/upper.o	91f89e0eeb5000797f40508e81ecbe4bed5d94b721a79784c63d9d964ef040f0
brexx370	51808b9cf687	build/util.o	2772bba40d329df7f4a73bc437f13f6bdec071a6a2a7ae17b776c47434bcb695
brexx370	51808b9cf687	build/variable.o	fa6d6127a2196de116a53db1749039b248283c5baffd3a7ed023f5ff8b049fd4
brexx370	51808b9cf687	build/verify.o	bbdcd47633cde8be25de1554524a2158bfe81b9c1f606df40ebecfc5c64ae4d1
brexx370	51808b9cf687	build/vtoc370.o	dc0c6703e7fd105b8c0ffecfbcc4fa48fce93cd7dedee883f6487c5c1ef038da
brexx370	51808b9cf687	build/vtocchek.o	ea03774ff9ce11b275d031a29278d4ade973b01427827080565844e3b4c5f43b
brexx370	51808b9cf687	build/vtocexcp.o	2a0a2c2c2d9822b2d51e021c58e9b3575cf28e5aeea2ce5c8a5d17dc4ce35e9a
brexx370	51808b9cf687	build/vtocform.o	e06f1fbc992ff4550225b7e088db5689825e1383814b1cb9fe640aa59a125570
brexx370	51808b9cf687	build/vtocmap.o	3b583e4f0f15371223f88309d9c1cfeca1a40ddeb61d1e09ce4fa6cad5490a52
brexx370	51808b9cf687	build/vtocmsgs.o	e044cf8afcc7bc84f74f07ffd8ed415c3923b82d55f4d5eb1af6981a967a85f1
brexx370	51808b9cf687	build/vtocprnt.o	91e8b4aa445a6588bc886041c0f294c8ab029613dc04941b0716bf1cdb7684ad
brexx370	51808b9cf687	build/vtocsort.o	801f40509833ed2521fa56cc26b164bab28dea5c1f3ad8e13cba1bafaa330e1c
brexx370	51808b9cf687	build/word.o	a8039a7e78f7d8ab67c8e2c1243d8c4594b4270cff0600202f7d57fb7ef6b950
brexx370	51808b9cf687	build/wordidx.o	22918e0315bcd9bf7b5ea483fa849d3d4a0e785bf11e77d9fbc2cb66d63b6ec3
brexx370	51808b9cf687	build/wordlen.o	d669c7c51e63289b006c006c1b3d7a8d420d8d2fd9445d318988eae4e309e9a4
brexx370	51808b9cf687	build/wordpos.o	79926a3d6e9284941846d9e522eb5283c8ea7023354de32a06b4e6c3f9d23db2
brexx370	51808b9cf687	build/words.o	28e4bbce929734e3e0ee351e9afd320c8868c4f7820639a6571814d3c3fb2e59
brexx370	51808b9cf687	build/write.o	5d5735fccebf891b1b1c7e4d08cd068fd47ffadf76dfae363826a2cddcc3dc61
brexx370	51808b9cf687	build/x2b.o	3d37ab95203ccfd95f0158871a3b384ddb8378e0c4f15deabbbc99ca09446df2
brexx370	51808b9cf687	build/x2c.o	8b7c91d58447be98020a3da1d83c696a03a89c7e86776734c104531ac2e6e5d9
brexx370	51808b9cf687	build/x2d.o	807c0405561f9b2adc7224e8cfbad6b61abba221d1a0f539011eb06455cb39e9
brexx370	51808b9cf687	build/xrange.o	1f2766fb022858099def5023e3d857bd9cb219674a24577821f2c31723378808
brexx370	51808b9cf687	dist/brexx370-3.0.0-dev-load.xmit	cf347ed1b322832bb521a4ae0354add7740f6416c3909a2c4d0014a092507e5b
